"page_id","token","lemma","position","nameTag","NE","udpipe.feats.Abbr","udpipe.feats.AdpType","udpipe.feats.Animacy","udpipe.feats.Aspect","udpipe.feats.Case","udpipe.feats.ConjType","udpipe.feats.Degree","udpipe.feats.Foreign","udpipe.feats.Gender","udpipe.feats.Gender[psor]","udpipe.feats.Hyph","udpipe.feats.Mood","udpipe.feats.NameType","udpipe.feats.NumForm","udpipe.feats.NumType","udpipe.feats.Number","udpipe.feats.Number[psor]","udpipe.feats.Person","udpipe.feats.Polarity","udpipe.feats.Poss","udpipe.feats.PrepCase","udpipe.feats.PronType","udpipe.feats.Reflex","udpipe.feats.Tense","udpipe.feats.Variant","udpipe.feats.VerbForm","udpipe.feats.Voice","udpipe.misc.B-az","udpipe.misc.B-if","udpipe.misc.B-n_","udpipe.misc.B-pf","udpipe.misc.B-ps","udpipe.misc.B-td","udpipe.misc.B-tm","udpipe.misc.B-ty","udpipe.misc.I-az","udpipe.misc.I-pf","udpipe.misc.I-td","udpipe.misc.I-tm","udpipe.misc.SpaceAfter"
"1","3444","3444","1","O","","","","","","","","","","","","","","","Digit","Card","","","","","","","","","","","","","","","","","","","","","","","","","No"
"1","/","/","2","O","","","","","","","","","","","","","","","","","","","","","","","","","","","","","","","","","","","","","","","","","No"
"1","74","74","3","O","","","","","","","","","","","","","","","Digit","Card","","","","","","","","","","","","","","","","","","","","","","","","",""
"1","NÁLEZOVÁ","nálezový","4","O","","","","","","Nom","","Pos","","Fem","","","","","","","Sing","","","Pos","","","","","","","","","","","","","","","","","","","","",""
"1","ZPRÁVA","zpráva","5","O","","","","","","Nom","","","","Fem","","","","","","","Sing","","","","","","","","","","","","","","","","","","","","","","","",""
"1","O","o","6","O","","","Prep","","","Loc","","","","","","","","","","","","","","","","","","","","","","","","","","","","","","","","","","",""
"1","ARCHEOLOGICKÉM","archeologický","7","O","","","","Inan","","Loc","","Pos","","Masc","","","","","","","Sing","","","Pos","","","","","","","","","","","","","","","","","","","","",""
"1","VÝZKUMU","výzkum","8","O","","","","Inan","","Loc","","","","Masc","","","","","","","Sing","","","","","","","","","","","","","","","","","","","","","","","",""
"1","V","v","9","O","","","Prep","","","Loc","","","","","","","","","","","","","","","","","","","","","","","","","","","","","","","","","","",""
"1","DOMĚ","dům","10","O","","","","Inan","","Loc","","","","Masc","","","","","","","Sing","","","","","","","","","","","","","","","","","","","","","","","",""
"1","ČP","ČP","11","O","","Yes","","Inan","","","","","","Masc","","","","","","","","","","","","","","","","","","","","","","","","","","","","","","","No"
"1",".",".","12","O","","","","","","","","","","","","","","","","","","","","","","","","","","","","","","","","","","","","","","","","",""
"1","193","193","13","B-n_","Number expression (General)","","","","","","","","","","","","","","Digit","Card","","","","","","","","","","","","","","","","","","","","","","","","","No"
"1","/","/","14","I-n_","Number expression (General)","","","","","","","","","","","","","","","","","","","","","","","","","","","","","","","","","","","","","","","","No"
"1","1","1","15","I-n_","Number expression (General)","","","","","","","","","","","","","","Digit","Card","","","","","","","","","","","","","","","","","","","","","","","","",""
"1","NA","na","16","O","","","Prep","","","Loc","","","","","","","","","","","","","","","","","","","","","","","","","","","","","","","","","","",""
"1","KŘIŽOVNICKÉN","křižovnický","17","B-gs","Super-terrestrial name (Star/Planet)","","","","","Loc","","Pos","","Neut","","","","","","","Sing","","","Pos","","","","","","","","","","","","","","","","","","","","",""
"1","NÁMĚSTÍ","náměstí","18","I-gs","Super-terrestrial name (Star/Planet)","","","","","Loc","","","","Neut","","","","","","","Sing","","","","","","","","","","","","","","","","","","","","","","","",""
"1","NA","na","19","B-gs","Super-terrestrial name (Star/Planet)","","Prep","","","Loc","","","","","","","","","","","","","","","","","","","","","","","","","","","","","","","","","","",""
"1","STARÉM","starý","20","I-gs","Super-terrestrial name (Star/Planet)","","","","","Loc","","Pos","","Neut","","","","","","","Sing","","","Pos","","","","","","","","","","","","","","","","","","","","",""
"1","MĚSTĚ","město","21","I-gs","Super-terrestrial name (Star/Planet)","","","","","Loc","","","","Neut","","","","","","","Sing","","","","","","","","","","","","","","","","","","","","","","","",""
"1","PRAŽSKÉM","pražský","22","B-gs","Super-terrestrial name (Star/Planet)","","","","","Loc","","Pos","","Neut","","","","","","","Sing","","","Pos","","","","","","","","","","","","","","","","","","","","",""
"1","Číslo","číslo","1","O","","","","","","Nom","","","","Neut","","","","","","","Sing","","","","","","","","","","","","","","","","","","","","","","","",""
"1","vý","vý","2","O","","Yes","","","","","","","","","","","","","","","","","","","","","","","","","","","","","","","","","","","","","","","No"
"1","=","=","3","O","","","","","","","","","","","","","","","","","","","","","","","","","","","","","","","","","","","","","","","","","No"
"1","kumu","kum","4","O","","","","Inan","","Gen","","","","Masc","","","","","","","Sing","","","","","","","","","","","","","","","","","","","","","","","",""
"1","21","21","5","B-n_","Number expression (General)","","","","","","","","","","","","","","Digit","Card","","","","","","","","","","","","","","","","","","","","","","","","","No"
"1","/","/","6","I-n_","Number expression (General)","","","","","","","","","","","","","","","","","","","","","","","","","","","","","","","","","","","","","","","","No"
"1","93","93","7","I-n_","Number expression (General)","","","","","","","","","","","","","","Digit","Card","","","","","","","","","","","","","","","","","","","","","","","","",""
"1","Obsah","obsah","8","O","","","","Inan","","Nom","","","","Masc","","","","","","","Sing","","","","","","","","","","","","","","","","","","","","","","","",""
"1",":",":","9","O","","","","","","","","","","","","","","","","","","","","","","","","","","","","","","","","","","","","","","","","",""
"1","1","1","10","B-n_","Number expression (General)","","","","","","","","","","","","","","Digit","Card","","","","","","","","","","","","","","","","","","","","","","","","","No"
"1",".",".","11","O","","","","","","","","","","","","","","","","","","","","","","","","","","","","","","","","","","","","","","","","",""
"1","Dějiny","dějiny","1","O","","","","","","Nom","","","","Fem","","","","","","","Plur","","","","","","","","","","","","","","","","","","","","","","","",""
"1","objektu","objekt","2","O","","","","Inan","","Gen","","","","Masc","","","","","","","Sing","","","","","","","","","","","","","","","","","","","","","","","",""
"1","1","1","3","B-n_","Number expression (General)","","","","","","","","","","","","","","Digit","Card","","","","","","","","","","","","","","","","","","","","","","","","",""
"1","2","2","4","B-n_","Number expression (General)","","","","","","","","","","","","","","Digit","Card","","","","","","","","","","","","","","","","","","","","","","","","","No"
"1",",",",","5","O","","","","","","","","","","","","","","","","","","","","","","","","","","","","","","","","","","","","","","","","",""
"1","Popis","popis","6","O","","","","Inan","","Nom","","","","Masc","","","","","","","Sing","","","","","","","","","","","","","","","","","","","","","","","",""
"1","nálezu","nález","7","O","","","","Inan","","Gen","","","","Masc","","","","","","","Sing","","","","","","","","","","","","","","","","","","","","","","","",""
"1","i","i","8","O","","Yes","","","","","","","","","","","","","","","","","","","","","","","","","","","","","","","","","","","","","","",""
"1","-","-","9","O","","","","","","","","","","","","","","","","","","","","","","","","","","","","","","","","","","","","","","","","",""
"1","3","3","10","B-n_","Number expression (General)","","","","","","","","","","","","","","Digit","Card","","","","","","","","","","","","","","","","","","","","","","","","",""
"1","3","3","11","B-n_","Number expression (General)","","","","","","","","","","","","","","Digit","Card","","","","","","","","","","","","","","","","","","","","","","","","","No"
"1",".",".","12","O","","","","","","","","","","","","","","","","","","","","","","","","","","","","","","","","","","","","","","","","",""
"1","Vyhodnocení","vyhodnocení","1","O","","","","","","Nom","","","","Neut","","","","","","","Sing","","","","","","","","","","Vnoun","","","","","","","","","","","","","",""
"1","nálezu","nález","2","O","","","","Inan","","Gen","","","","Masc","","","","","","","Sing","","","","","","","","","","","","","","","","","","","","","","","",""
"1","3","3","3","B-n_","Number expression (General)","","","","","","","","","","","","","","Digit","Card","","","","","","","","","","","","","","","","","","","","","","","","",""
"1","-","-","4","O","","","","","","","","","","","","","","","","","","","","","","","","","","","","","","","","","","","","","","","","",""
"1","4","4","5","B-n_","Number expression (General)","","","","","","","","","","","","","","Digit","Card","","","","","","","","","","","","","","","","","","","","","","","","",""
"1","4","4","6","B-n_","Number expression (General)","","","","","","","","","","","","","","Digit","Card","","","","","","","","","","","","","","","","","","","","","","","","","No"
"1",".",".","7","O","","","","","","","","","","","","","","","","","","","","","","","","","","","","","","","","","","","","","","","","",""
"1","Literatura","literatura","8","O","","","","","","Nom","","","","Fem","","","","","","","Sing","","","","","","","","","","","","","","","","","","","","","","","",""
"1","5","5","9","B-n_","Number expression (General)","","","","","","","","","","","","","","Digit","Card","","","","","","","","","","","","","","","","","","","","","","","","",""
"1","5","5","10","O","","","","","","","","","","","","","","","Digit","Card","","","","","","","","","","","","","","","","","","","","","","","","","No"
"1",".",".","11","O","","","","","","","","","","","","","","","","","","","","","","","","","","","","","","","","","","","","","","","","",""
"1","Popis","popis","1","O","","","","Inan","","Nom","","","","Masc","","","","","","","Sing","","","","","","","","","","","","","","","","","","","","","","","",""
"1","fotografií","fotografie","2","O","","","","","","Gen","","","","Fem","","","","","","","Plur","","","","","","","","","","","","","","","","","","","","","","","",""
"1","a","a","3","O","","","","","","","","","","","","","","","","","","","","","","","","","","","","","","","","","","","","","","","","",""
"1","plánků","plánek","4","O","","","","Inan","","Gen","","","","Masc","","","","","","","Plur","","","","","","","","","","","","","","","","","","","","","","","",""
"1","5","5","5","B-n_","Number expression (General)","","","","","","","","","","","","","","Digit","Card","","","","","","","","","","","","","","","","","","","","","","","","",""
"1","6","6","6","I-n_","Number expression (General)","","","","","","","","","","","","","","Digit","Card","","","","","","","","","","","","","","","","","","","","","","","","","No"
"1",".",".","7","O","","","","","","","","","","","","","","","","","","","","","","","","","","","","","","","","","","","","","","","","",""
"1","Fotogra","Fotogra","1","O","","","","","","Nom","","","","Fem","","","","Oth","","","Sing","","","","","","","","","","","","","","","","","","","","","","","",""
"1","f","f","2","O","","Yes","","","","","","","","","","","","","","","","","","","","","","","","","","","","","","","","","","","","","","",""
"1","1","1","3","O","","","","","","","","","","","","","","","Digit","Card","","","","","","","","","","","","","","","","","","","","","","","","",""
"1","e","e","4","O","","Yes","","","","","","","","","","","","","","","","","","","","","","","","","","","","","","","","","","","","","","",""
"1","1","1","5","O","","","","","","","","","","","","","","","Digit","Card","","","","","","","","","","","","","","","","","","","","","","","","",""
"1","-","-","6","O","","","","","","","","","","","","","","","","","","","","","","","","","","","","","","","","","","","","","","","","",""
"1","3","3","7","O","","","","","","","","","","","","","","","Digit","Card","","","","","","","","","","","","","","","","","","","","","","","","",""
"1","7","7","8","O","","","","","","","","","","","","","","","Digit","Card","","","","","","","","","","","","","","","","","","","","","","","","","No"
"1",",",",","9","O","","","","","","","","","","","","","","","","","","","","","","","","","","","","","","","","","","","","","","","","",""
"1","Plánky","plánek","10","O","","","","Inan","","Nom","","","","Masc","","","","","","","Plur","","","","","","","","","","","","","","","","","","","","","","","",""
"1","1","1","11","O","","","","","","","","","","","","","","","Digit","Card","","","","","","","","","","","","","","","","","","","","","","","","",""
"1","-","-","12","O","","","","","","","","","","","","","","","","","","","","","","","","","","","","","","","","","","","","","","","","",""
"1","2","2","13","O","","","","","","","","","","","","","","","Digit","Card","","","","","","","","","","","","","","","","","","","","","","","","",""
"1","V","v","14","O","","","Prep","","","Loc","","","","","","","","","","","","","","","","","","","","","","","","","","","","","","","","","","",""
"1","Prase","praso","15","B-gu","Settlement name (City/Town)","","","","","Loc","","","","Neut","","","","","","","Sing","","","","","","","","","","","","","","","","","","","","","","","",""
"1","15","15","16","B-T","Complex time expressions","","","","","","","","","","","","","","Digit","Card","","","","","","","","","","","","","","","","","","Yes","","","","","","","No"
"1",".",".","17","I-T","Complex time expressions","","","","","","","","","","","","","","","","","","","","","","","","","","","","","","","","","","","","","","Yes","",""
"1","1","1","18","I-T","Complex time expressions","","","","","","","","","","","","","","Digit","Card","","","","","","","","","","","","","","","","","","","Yes","","","","","","No"
"1",".",".","19","I-T","Complex time expressions","","","","","","","","","","","","","","","","","","","","","","","","","","","","","","","","","","","","","","","Yes",""
"1","1995","1995","20","I-T","Complex time expressions","","","","","","","","","","","","","","Digit","Card","","","","","","","","","","","","","","","","","","","","Yes","","","","",""
"1","PhDr","PhDr","21","B-pd","Academic titles","Yes","","","","","","","","","","","","","","","","","","","","","","","","","","","","","","","","","","","","","","","No"
"1",".",".","22","I-pd","Academic titles","","","","","","","","","","","","","","","","","","","","","","","","","","","","","","","","","","","","","","","",""
"1","Zdeněk","Zdeněk","1","B-P","Complex personal names","","","Anim","","Nom","","","","Masc","","","","Giv","","","Sing","","","","","","","","","","","","","","","Yes","","","","","","","","",""
"1","Dragoun","Dragoun","2","I-P","Complex personal names","","","Anim","","Nom","","","","Masc","","","","Giv","","","Sing","","","","","","","","","","","","","","","","Yes","","","","","","","",""
"1","Dějiny","dějiny","3","O","","","","","","Nom","","","","Fem","","","","","","","Plur","","","","","","","","","","","","","","","","","","","","","","","",""
"1","objektu","objekt","4","O","","","","Inan","","Gen","","","","Masc","","","","","","","Sing","","","","","","","","","","","","","","","","","","","","","","","",""
"1","Jako","jako","1","O","","","","","","","","","","","","","","","","","","","","","","","","","","","","","","","","","","","","","","","","",""
"1","nejstarší","starý","2","O","","","","Inan","","Nom","","Sup","","Masc","","","","","","","Sing","","","Pos","","","","","","","","","","","","","","","","","","","","",""
"1","dm","dm","3","O","","Yes","","","","","","","","","","","","","","","","","","","","","","","","","","","","","","","","","","","","","","",""
"1","se","se","4","O","","","","","","Acc","","","","","","","","","","","","","","","","","Prs","Yes","","Short","","","","","","","","","","","","","","",""
"1","v","v","5","O","","","Prep","","","Loc","","","","","","","","","","","","","","","","","","","","","","","","","","","","","","","","","","",""
"1","této","tento","6","O","","","","","","Loc","","","","Fem","","","","","","","Sing","","","","","","Dem","","","","","","","","","","","","","","","","","",""
"1","bezprostřední","bezprostřední","7","O","","","","","","Loc","","Pos","","Fem","","","","","","","Sing","","","Pos","","","","","","","","","","","","","","","","","","","","",""
"1","blízkosti","blízkost","8","O","","","","","","Loc","","","","Fem","","","","","","","Sing","","","","","","","","","","","","","","","","","","","","","","","",""
"1","Karlova","Karlův","9","B-gs","Super-terrestrial name (Star/Planet)","","","Inan","","Gen","","","","Masc","Masc","","","Giv","","","Sing","","","","Yes","","","","","","","","","","","Yes","","","","","","","","",""
"1","mostu","most","10","I-gs","Super-terrestrial name (Star/Planet)","","","Inan","","Gen","","","","Masc","","","","","","","Sing","","","","","","","","","","","","","","","","","","","","","","","",""
"1","uvádí","uvádět","11","O","","","","","Imp","","","","","","","","Ind","","","","Sing","","3","Pos","","","","","Pres","","Fin","Act","","","","","","","","","","","","",""
"1","domek","domek","12","O","","","","Inan","","Nom","","","","Masc","","","","","","","Sing","","","","","","","","","","","","","","","","","","","","","","","",""
"1","mosteckého","mostecký","13","O","","","","Anim","","Gen","","Pos","","Masc","","","","","","","Sing","","","Pos","","","","","","","","","","","","","","","","","","","","",""
"1","celného","celný","14","O","","","","Anim","","Gen","","Pos","","Masc","","","","","","","Sing","","","Pos","","","","","","","","","","","","","","","","","","","","",""
"1","v","v","15","O","","","Prep","","","Loc","","","","","","","","","","","","","","","","","","","","","","","","","","","","","","","","","","",""
"1","letech","léta","16","O","","","","","","Loc","","","","Neut","","","","","","","Plur","","","","","","","","","","","","","","","","","","","","","","","",""
"1","1406","1406","17","B-ty","Year","","","","","","","","","","","","","","Digit","Card","","","","","","","","","","","","","","","","","","","","","","","","",""
"1","-","-","18","O","","","","","","","","","","","","","","","","","","","","","","","","","","","","","","","","","","","","","","","","",""
"1","1430","1430","19","B-ty","Year","","","","","","","","","","","","","","Digit","Card","","","","","","","","","","","","","","","","","","","","","","","","","No"
"1",".",".","20","O","","","","","","","","","","","","","","","","","","","","","","","","","","","","","","","","","","","","","","","","",""
"1","Spolehlivé","spolehlivý","1","O","","","","","","Nom","","Pos","","Fem","","","","","","","Sing","","","Pos","","","","","","","","","","","","","","","","","","","","",""
"1","písemné","písemný","2","O","","","","","","Nom","","Pos","","Fem","","","","","","","Sing","","","Pos","","","","","","","","","","","","","","","","","","","","",""
"1","doložená","doložený","3","O","","","","","","Nom","","Pos","","Fem","","","","","","","Sing","","","Pos","","","","","","","Part","Pass","","","","","","","","","","","","",""
"1","existence","existence","4","O","","","","","","Nom","","","","Fem","","","","","","","Sing","","","","","","","","","","","","","","","","","","","","","","","",""
"1","zástavby","zástavba","5","O","","","","","","Gen","","","","Fem","","","","","","","Sing","","","","","","","","","","","","","","","","","","","","","","","",""
"1","pochází","pocházet","6","O","","","","","Imp","","","","","","","","Ind","","","","Sing","","3","Pos","","","","","Pres","","Fin","Act","","","","","","","","","","","","",""
"1","až","až","7","O","","","","","","","","","","","","","","","","","","","","","","","","","","","","","","","","","","","","","","","","",""
"1","z","z","8","O","","","Prep","","","Gen","","","","","","","","","","","","","","","","","","","","","","","","","","","","","","","","","","",""
"1","roku","rok","9","O","","","","Inan","","Gen","","","","Masc","","","","","","","Sing","","","","","","","","","","","","","","","","","","","","","","","",""
"1","""","""","10","O","","","","","","","","","","","","","","","","","","","","","","","","","","","","","","","","","","","","","","","","","No"
"1","1640","1640","11","B-ty","Year","","","","","","","","","","","","","","Digit","Card","","","","","","","","","","","","","","","","","","","","","","","","","No"
"1",",",",","12","O","","","","","","","","","","","","","","","","","","","","","","","","","","","","","","","","","","","","","","","","",""
"1","kdy","kdy","13","O","","","","","","","","","","","","","","","","","","","","","","","Int,Rel","","","","","","","","","","","","","","","","","",""
"1","je","být","14","O","","","","","Imp","","","","","","","","Ind","","","","Sing","","3","Pos","","","","","Pres","","Fin","Act","","","","","","","","","","","","",""
"1","zde","zde","15","O","","","","","","","","","","","","","","","","","","","","","","","Dem","","","","","","","","","","","","","","","","","",""
"1","jednoznačné","jednoznačný","16","O","","","","","","Nom","","Pos","","Neut","","","","","","","Sing","","","Pos","","","","","","","","","","","","","","","","","","","","",""
"1","lokalizována","lokalizovaný","17","O","","","","","Imp","","","Pos","","Fem,Neut","","","","","","","Plur,Sing","","","Pos","","","","","","Short","Part","Pass","","","","","","","","","","","","",""
"1","""","""","18","O","","","","","","","","","","","","","","","","","","","","","","","","","","","","","","","","","","","","","","","","","No"
"1","nákladné","nákladný","19","O","","","","Inan","","Nom","","Pos","","Masc","","","","","","","Sing","","","Pos","","","","","","","","","","","","","","","","","","","","",""
"1","vystavěný","vystavěný","20","O","","","","Inan","","Nom","","Pos","","Masc","","","","","","","Sing","","","Pos","","","","","","","Part","Pass","","","","","","","","","","","","",""
"1","dům","dům","21","O","","","","Inan","","Nom","","","","Masc","","","","","","","Sing","","","","","","","","","","","","","","","","","","","","","","","","No"
"1","""","""","22","O","","","","","","","","","","","","","","","","","","","","","","","","","","","","","","","","","","","","","","","","",""
"1","celnice","celnice","23","O","","","","","","Nom","","","","Fem","","","","","","","Sing","","","","","","","","","","","","","","","","","","","","","","","","No"
"1",".",".","24","O","","","","","","","","","","","","","","","","","","","","","","","","","","","","","","","","","","","","","","","","",""
"1","Tento","tento","1","O","","","","","","Nom","","","","Masc","","","","","","","Sing","","","","","","Dem","","","","","","","","","","","","","","","","","",""
"1","objekt","objekt","2","O","","","","Inan","","Nom","","","","Masc","","","","","","","Sing","","","","","","","","","","","","","","","","","","","","","","","",""
"1","je","být","3","O","","","","","Imp","","","","","","","","Ind","","","","Sing","","3","Pos","","","","","Pres","","Fin","Act","","","","","","","","","","","","",""
"1","zřetelně","zřetelně","4","O","","","","","","","","Pos","","","","","","","","","","","","Pos","","","","","","","","","","","","","","","","","","","","",""
"1","zachycen","zachycený","5","O","","","","","Perf","","","Pos","","Masc","","","","","","","Sing","","","Pos","","","","","","Short","Part","Pass","","","","","","","","","","","","",""
"1","na","na","6","O","","","Prep","","","Loc","","","","","","","","","","","","","","","","","","","","","","","","","","","","","","","","","","",""
"1","Sadelerové","sadelerový","7","B-ps","Surname","","","","","Loc","","Pos","","Fem","","","","","","","Sing","","","Pos","","","","","","","","","","","","","","","","","","","","",""
"1","prospektu","prospekt","8","O","","","","Inan","","Loc","","","","Masc","","","","","","","Sing","","","","","","","","","","","","","","","","","","","","","","","",""
"1","z","z","9","O","","","Prep","","","Gen","","","","","","","","","","","","","","","","","","","","","","","","","","","","","","","","","","",""
"1","roku","rok","10","O","","","","Inan","","Gen","","","","Masc","","","","","","","Sing","","","","","","","","","","","","","","","","","","","","","","","",""
"1","1606","1606","11","B-ty","Year","","","","","","","","","","","","","","Digit","Card","","","","","","","","","","","","","","","","","","","","","","","","","No"
"1",".",".","12","O","","","","","","","","","","","","","","","","","","","","","","","","","","","","","","","","","","","","","","","","",""
"1","V","v","1","O","","","Prep","","","Loc","","","","","","","","","","","","","","","","","","","","","","","","","","","","","","","","","","",""
"1","dalžím","dalží","2","O","","","","Inan","","Loc","","Pos","","Masc","","","","","","","Sing","","","Pos","","","","","","","","","","","","","","","","","","","","",""
"1","vývoj","vývoj","3","O","","","","Inan","","Acc","","","","Masc","","","","","","","Sing","","","","","","","","","","","","","","","","","","","","","","","",""
"1","i","i","4","O","","","","","","","","","","","","","","","","","","","","","","","","","","","","","","","","","","","","","","","","",""
"1","byl","být","5","O","","","","","Imp","","","","","Masc","","","","","","","Sing","","","Pos","","","","","Past","","Part","Act","","","","","","","","","","","","",""
"1","o","o","6","O","","Yes","","","","","","","","","","","","","","","","","","","","","","","","","","","","","","","","","","","","","","",""
"1","na","na","7","O","","","Prep","","","Loc","","","","","","","","","","","","","","","","","","","","","","","","","","","","","","","","","","",""
"1","budově","budova","8","O","","","","","","Loc","","","","Fem","","","","","","","Sing","","","","","","","","","","","","","","","","","","","","","","","",""
"1","dostaveno","dostavený","9","O","","","","","Perf","","","Pos","","Neut","","","","","","","Sing","","","Pos","","","","","","Short","Part","Pass","","","","","","","","","","","","",""
"1","3","3","10","B-no","Ordinal number","","","","","","","","","","","","","","Digit","Card","","","","","","","","","","","","","","","","","","","","","","","","","No"
"1",".",".","11","I-no","Ordinal number","","","","","","","","","","","","","","","","","","","","","","","","","","","","","","","","","","","","","","","",""
"1","patro","patro","12","O","","","","","","Nom","","","","Neut","","","","","","","Sing","","","","","","","","","","","","","","","","","","","","","","","","No"
"1",",",",","13","O","","","","","","","","","","","","","","","","","","","","","","","","","","","","","","","","","","","","","","","","",""
"1","které","který","14","O","","","","","","Nom","","","","Neut","","","","","","","Sing","","","","","","Int,Rel","","","","","","","","","","","","","","","","","",""
"1","zaznamenávají","zaznamenávat","15","O","","","","","Imp","","","","","","","","Ind","","","","Plur","","3","Pos","","","","","Pres","","Fin","Act","","","","","","","","","","","","",""
"1","mladší","mladý","16","O","","","","Inan","","Acc","","Cmp","","Masc","","","","","","","Plur","","","Pos","","","","","","","","","","","","","","","","","","","","",""
"1","ikonografické","ikonografický","17","O","","","","Inan","","Acc","","Pos","","Masc","","","","","","","Plur","","","Pos","","","","","","","","","","","","","","","","","","","","",""
"1","prameny","pramen","18","O","","","","Inan","","Acc","","","","Masc","","","","","","","Plur","","","","","","","","","","","","","","","","","","","","","","","",""
"1","včetně","včetně","19","O","","","Prep","","","Gen","","","","","","","","","","","","","","","","","","","","","","","","","","","","","","","","","","",""
"1","Langveilova","Langveilův","20","B-ps","Surname","","","Inan","","Gen","","","","Masc","Masc","","","Giv","","","Sing","","","","Yes","","","","","","","","","","","","","","","","","","","",""
"1","modelu","model","21","O","","","","Inan","","Gen","","","","Masc","","","","","","","Sing","","","","","","","","","","","","","","","","","","","","","","","","No"
"1",".",".","22","O","","","","","","","","","","","","","","","","","","","","","","","","","","","","","","","","","","","","","","","","",""
"1","Dnešní","dnešní","1","O","","","","Inan","","Nom","","Pos","","Masc","","","","","","","Sing","","","Pos","","","","","","","","","","","","","","","","","","","","",""
"1","vzhled","vzhled","2","O","","","","Inan","","Nom","","","","Masc","","","","","","","Sing","","","","","","","","","","","","","","","","","","","","","","","",""
"1","budovy","budova","3","O","","","","","","Gen","","","","Fem","","","","","","","Sing","","","","","","","","","","","","","","","","","","","","","","","",""
"1","je","být","4","O","","","","","Imp","","","","","","","","Ind","","","","Sing","","3","Pos","","","","","Pres","","Fin","Act","","","","","","","","","","","","",""
"1","výsledkem","výsledek","5","O","","","","Inan","","Ins","","","","Masc","","","","","","","Sing","","","","","","","","","","","","","","","","","","","","","","","",""
"1","klasicistní","klasicistní","6","O","","","","","","Gen","","Pos","","Fem","","","","","","","Sing","","","Pos","","","","","","","","","","","","","","","","","","","","",""
"1","přestavby","přestavba","7","O","","","","","","Gen","","","","Fem","","","","","","","Sing","","","","","","","","","","","","","","","","","","","","","","","",""
"1","z","z","8","O","","","Prep","","","Gen","","","","","","","","","","","","","","","","","","","","","","","","","","","","","","","","","","",""
"1","roku","rok","9","O","","","","Inan","","Gen","","","","Masc","","","","","","","Sing","","","","","","","","","","","","","","","","","","","","","","","",""
"1","1841","1841","10","B-ty","Year","","","","","","","","","","","","","","Digit","Card","","","","","","","","","","","","","","","","","","","","","","","","",""
"1","(","(","11","O","","","","","","","","","","","","","","","","","","","","","","","","","","","","","","","","","","","","","","","","","No"
"1","Vilímková","Vilímková","12","B-ps","Surname","","","","","Nom","","","","Fem","","","","Giv","","","Sing","","","","","","","","","","","","","","","","","","","","","","","",""
"1","-","-","13","O","","","","","","","","","","","","","","","","","","","","","","","","","","","","","","","","","","","","","","","","",""
"1","Ebel","Ebel","14","B-ps","Surname","","","Anim","","Nom","","","","Masc","","","","Giv","","","Sing","","","","","","","","","","","","","","","","","","","","","","","",""
"1","1988","1988","15","B-ty","Year","","","","","","","","","","","","","","Digit","Card","","","","","","","","","","","","","","","","","","","","","","","","","No"
"1",",",",","16","O","","","","","","","","","","","","","","","","","","","","","","","","","","","","","","","","","","","","","","","","",""
"1","s","společnost","17","O","","Yes","","","","","","","","Fem","","","","","","","","","","","","","","","","","","","","","","","","","","","","","","","No"
"1",".",".","18","O","","","","","","","","","","","","","","","","","","","","","","","","","","","","","","","","","","","","","","","","",""
"1","1","1","19","B-nb","Volu-metric number","","","","","","","","","","","","","","Digit","Card","","","","","","","","","","","","","","","","","","","","","","","","",""
"1","-","-","20","O","","","","","","","","","","","","","","","","","","","","","","","","","","","","","","","","","","","","","","","","",""
"1","4","4","21","B-nb","Volu-metric number","","","","","","","","","","","","","","Digit","Card","","","","","","","","","","","","","","","","","","","","","","","","","No"
"1",")",")","22","O","","","","","","","","","","","","","","","","","","","","","","","","","","","","","","","","","","","","","","","","","No"
"1",".",".","23","O","","","","","","","","","","","","","","","","","","","","","","","","","","","","","","","","","","","","","","","","",""
"1","Popis","popis","1","O","","","","Inan","","Nom","","","","Masc","","","","","","","Sing","","","","","","","","","","","","","","","","","","","","","","","",""
"1","nálezu","nález","2","O","","","","Inan","","Gen","","","","Masc","","","","","","","Sing","","","","","","","","","","","","","","","","","","","","","","","",""
"1","V","v","1","O","","","Prep","","","Loc","","","","","","","","","","","","","","","","","","","","","","","","","","","","","","","","","","",""
"1","březnu","březen","2","B-T","Complex time expressions","","","Inan","","Loc","","","","Masc","","","","","","","Sing","","","","","","","","","","","","","","","","","","Yes","","","","","",""
"1","1993","1993","3","I-T","Complex time expressions","","","","","","","","","","","","","","Digit","Card","","","","","","","","","","","","","","","","","","","","Yes","","","","",""
"1","byla","být","4","O","","","","","Imp","","","","","Fem,Neut","","","","","","","Plur,Sing","","","Pos","","","","","Past","","Part","Act","","","","","","","","","","","","",""
"1","v","v","5","O","","","Prep","","","Loc","","","","","","","","","","","","","","","","","","","","","","","","","","","","","","","","","","",""
"1","rámci","rámec","6","O","","","","Inan","","Loc","","","","Masc","","","","","","","Sing","","","","","","","","","","","","","","","","","","","","","","","",""
"1","rekonstrukčních","rekonstrukční","7","O","","","","","","Gen","","Pos","","Fem","","","","","","","Plur","","","Pos","","","","","","","","","","","","","","","","","","","","",""
"1","prací","práce","8","O","","","","","","Gen","","","","Fem","","","","","","","Plur","","","","","","","","","","","","","","","","","","","","","","","",""
"1","na","na","9","O","","","Prep","","","Loc","","","","","","","","","","","","","","","","","","","","","","","","","","","","","","","","","","",""
"1","objektu","objekt","10","O","","","","Inan","","Loc","","","","Masc","","","","","","","Sing","","","","","","","","","","","","","","","","","","","","","","","",""
"1","snižována","snižovaný","11","O","","","","","Imp","","","Pos","","Fem,Neut","","","","","","","Plur,Sing","","","Pos","","","","","","Short","Part","Pass","","","","","","","","","","","","",""
"1","podlaha","podlaha","12","O","","","","","","Nom","","","","Fem","","","","","","","Sing","","","","","","","","","","","","","","","","","","","","","","","",""
"1","v","v","13","O","","","Prep","","","Loc","","","","","","","","","","","","","","","","","","","","","","","","","","","","","","","","","","",""
"1","jedné","jeden","14","O","","","","","","Loc","","","","Fem","","","","","Word","Card","Sing","","","","","","","","","","","","","","","","","","","","","","","",""
"1","z","z","15","O","","","Prep","","","Gen","","","","","","","","","","","","","","","","","","","","","","","","","","","","","","","","","","",""
"1","místnosti","místnost","16","O","","","","","","Gen","","","","Fem","","","","","","","Sing","","","","","","","","","","","","","","","","","","","","","","","",""
"1","při","při","17","O","","","Prep","","","Loc","","","","","","","","","","","","","","","","","","","","","","","","","","","","","","","","","","",""
"1","západní","západní","18","O","","","","","","Loc","","Pos","","Fem","","","","","","","Sing","","","Pos","","","","","","","","","","","","","","","","","","","","",""
"1","fasádě","fasáda","19","O","","","","","","Loc","","","","Fem","","","","","","","Sing","","","","","","","","","","","","","","","","","","","","","","","",""
"1","objektu","objekt","20","O","","","","Inan","","Gen","","","","Masc","","","","","","","Sing","","","","","","","","","","","","","","","","","","","","","","","",""
"1","nad","nad","21","O","","","Prep","","","Ins","","","","","","","","","","","","","","","","","","","","","","","","","","","","","","","","","","",""
"1","tzv","takzvaný","22","O","","Yes","","","","","","Pos","","","","","","","","","","","","Pos","","","","","","","","","","","","","","","","","","","","","No"
"1",".",".","23","O","","","","","","","","","","","","","","","","","","","","","","","","","","","","","","","","","","","","","","","","",""
"1","lagunou","laguna","24","O","","","","","","Ins","","","","Fem","","","","","","","Sing","","","","","","","","","","","","","","","","","","","","","","","",""
"1","jižně","jižně","25","O","","","","","","","","Pos","","","","","","","","","","","","Pos","","","","","","","","","","","","","","","","","","","","",""
"1","od","od","26","O","","","Prep","","","Gen","","","","","","","","","","","","","","","","","","","","","","","","","","","","","","","","","","",""
"1","Karlova","Karlův","27","B-gs","Super-terrestrial name (Star/Planet)","","","Inan","","Gen","","","","Masc","Masc","","","Giv","","","Sing","","","","Yes","","","","","","","","","","","Yes","","","","","","","","",""
"1","mostu","most","28","I-gs","Super-terrestrial name (Star/Planet)","","","Inan","","Gen","","","","Masc","","","","","","","Sing","","","","","","","","","","","","","","","","","","","","","","","","No"
"1",".",".","29","O","","","","","","","","","","","","","","","","","","","","","","","","","","","","","","","","","","","","","","","","",""
"1","Při","při","1","O","","","Prep","","","Loc","","","","","","","","","","","","","","","","","","","","","","","","","","","","","","","","","","",""
"1","této","tento","2","O","","","","","","Loc","","","","Fem","","","","","","","Sing","","","","","","Dem","","","","","","","","","","","","","","","","","",""
"1","příležitosti","příležitost","3","O","","","","","","Loc","","","","Fem","","","","","","","Sing","","","","","","","","","","","","","","","","","","","","","","","",""
"1","bylo","být","4","O","","","","","Imp","","","","","Neut","","","","","","","Sing","","","Pos","","","","","Past","","Part","Act","","","","","","","","","","","","",""
"1","odhaleno","odhalený","5","O","","","","","Perf","","","Pos","","Neut","","","","","","","Sing","","","Pos","","","","","","Short","Part","Pass","","","","","","","","","","","","",""
"1","v","v","6","O","","","Prep","","","Loc","","","","","","","","","","","","","","","","","","","","","","","","","","","","","","","","","","",""
"1","delším","dlouhý","7","O","","","","Inan","","Loc","","Cmp","","Masc","","","","","","","Sing","","","Pos","","","","","","","","","","","","","","","","","","","","",""
"1","úseku","úsek","8","O","","","","Inan","","Loc","","","","Masc","","","","","","","Sing","","","","","","","","","","","","","","","","","","","","","","","",""
"1","zdlvo","zdlvo","9","O","","","","","","Nom","","","","Neut","","","","","","","Sing","","","","","","","","","","","","","","","","","","","","","","","","No"
"1",",",",","10","O","","","","","","","","","","","","","","","","","","","","","","","","","","","","","","","","","","","","","","","","",""
"1","zaznamenané","zaznamenaný","11","O","","","","","","Nom","","Pos","","Neut","","","","","","","Sing","","","Pos","","","","","","","Part","Pass","","","","","","","","","","","","",""
"1","při","při","12","O","","","Prep","","","Loc","","","","","","","","","","","","","","","","","","","","","","","","","","","","","","","","","","",""
"1","stavebně","stavebně","13","O","","","","","","","","Pos","","","","","","","","","","","","Pos","","","","","","","","","","","","","","","","","","","","",""
"1","historickém","historický","14","O","","","","Inan","","Loc","","Pos","","Masc","","","","","","","Sing","","","Pos","","","","","","","","","","","","","","","","","","","","",""
"1","průzkumu","průzkum","15","O","","","","Inan","","Loc","","","","Masc","","","","","","","Sing","","","","","","","","","","","","","","","","","","","","","","","",""
"1","objektu","objekt","16","O","","","","Inan","","Gen","","","","Masc","","","","","","","Sing","","","","","","","","","","","","","","","","","","","","","","","",""
"1","a","a","17","O","","","","","","","","","","","","","","","","","","","","","","","","","","","","","","","","","","","","","","","","",""
"1","interpretované","interpretovaný","18","O","","","","","","Nom","","Pos","","Neut","","","","","","","Sing","","","Pos","","","","","","","Part","Pass","","","","","","","","","","","","",""
"1","jako","jako","19","O","","","","","","","","","","","","","","","","","","","","","","","","","","","","","","","","","","","","","","","","",""
"1","torzo","torzo","20","O","","","","","","Nom","","","","Neut","","","","","","","Sing","","","","","","","","","","","","","","","","","","","","","","","",""
"1","prvního","první","21","O","","","","Inan","","Gen","","","","Masc","","","","","","Ord","Sing","","","","","","","","","","","","","","","","","","","","","","","",""
"1","pilíře","pilíř","22","O","","","","Inan","","Gen","","","","Masc","","","","","","","Sing","","","","","","","","","","","","","","","","","","","","","","","",""
"1","Karlova","Karlův","23","B-gs","Super-terrestrial name (Star/Planet)","","","Inan","","Gen","","","","Masc","Masc","","","Giv","","","Sing","","","","Yes","","","","","","","","","","","Yes","","","","","","","","",""
"1","mostu","most","24","I-gs","Super-terrestrial name (Star/Planet)","","","Inan","","Gen","","","","Masc","","","","","","","Sing","","","","","","","","","","","","","","","","","","","","","","","",""
"1","od","od","25","O","","","Prep","","","Gen","","","","","","","","","","","","","","","","","","","","","","","","","","","","","","","","","","",""
"1","staroměstského","staroměstský","26","O","","","","Inan","","Gen","","Pos","","Masc","","","","","","","Sing","","","Pos","","","","","","","","","","","","","","","","","","","","",""
"1","břehu","břeh","27","O","","","","Inan","","Gen","","","","Masc","","","","","","","Sing","","","","","","","","","","","","","","","","","","","","","","","","No"
"1",".",".","28","O","","","","","","","","","","","","","","","","","","","","","","","","","","","","","","","","","","","","","","","","",""
"1","Ze","z","1","O","","","Voc","","","Gen","","","","","","","","","","","","","","","","","","","","","","","","","","","","","","","","","","",""
"1","zdivá","zdivý","2","O","","","","","","Gen","","Pos","","Fem","","","","","","","Sing","","","Pos","","","","","","","","","","","","","","","","","","","","",""
"1","byla","být","3","O","","","","","Imp","","","","","Fem,Neut","","","","","","","Plur,Sing","","","Pos","","","","","Past","","Part","Act","","","","","","","","","","","","",""
"1","v","v","4","O","","","Prep","","","Loc","","","","","","","","","","","","","","","","","","","","","","","","","","","","","","","","","","",""
"1","inkriminované","inkriminovaný","5","O","","","","","","Loc","","Pos","","Fem","","","","","","","Sing","","","Pos","","","","","","","Part","Pass","","","","","","","","","","","","",""
"1","místnosti","místnost","6","O","","","","","","Loc","","","","Fem","","","","","","","Sing","","","","","","","","","","","","","","","","","","","","","","","",""
"1","odhalena","odhalený","7","O","","","","","Perf","","","Pos","","Fem,Neut","","","","","","","Plur,Sing","","","Pos","","","","","","Short","Part","Pass","","","","","","","","","","","","",""
"1","západní","západní","8","O","","","","","","Nom","","Pos","","Fem","","","","","","","Sing","","","Pos","","","","","","","","","","","","","","","","","","","","",""
"1","líc","líc","9","O","","","","","","Nom","","","","Fem","","","","","","","Sing","","","","","","","","","","","","","","","","","","","","","","","","No"
"1",",",",","10","O","","","","","","","","","","","","","","","","","","","","","","","","","","","","","","","","","","","","","","","","",""
"1","probíhající","probíhající","11","O","","","","","Imp","Nom","","","","Fem","","","","","","","Sing","","","Pos","","","","","Pres","","Part","Act","","","","","","","","","","","","",""
"1","ve","v","12","O","","","Voc","","","Loc","","","","","","","","","","","","","","","","","","","","","","","","","","","","","","","","","","",""
"1","směru","směr","13","O","","","","Inan","","Loc","","","","Masc","","","","","","","Sing","","","","","","","","","","","","","","","","","","","","","","","",""
"1","SSZ","SSZ","14","B-g_","Geographical name (General)","Yes","","","","","","","","","","","","","","","","","","","","","","","","","","","","","","","","","","","","","","",""
"1","-","-","15","O","","","","","","","","","","","","","","","","","","","","","","","","","","","","","","","","","","","","","","","","",""
"1","JJV","JJV","16","B-g_","Geographical name (General)","Yes","","","","","","","","","","","","","","","","","","","","","","","","","","","","","","","","","","","","","","","No"
"1",".",".","17","O","","","","","","","","","","","","","","","","","","","","","","","","","","","","","","","","","","","","","","","","",""
"1","Vlastní","vlastní","1","O","","","","","","Nom","","Pos","","Fem","","","","","","","Sing","","","Pos","","","","","","","","","","","","","","","","","","","","",""
"1","hmota","hmota","2","O","","","","","","Nom","","","","Fem","","","","","","","Sing","","","","","","","","","","","","","","","","","","","","","","","",""
"1","zdivá","zdivý","3","O","","","","","","Nom","","Pos","","Fem","","","","","","","Sing","","","Pos","","","","","","","","","","","","","","","","","","","","",""
"1","dosahovala","dosahovat","4","O","","","","","Imp","","","","","Fem,Neut","","","","","","","Plur,Sing","","","Pos","","","","","Past","","Part","Act","","","","","","","","","","","","",""
"1","až","až","5","O","","","","","","","","","","","","","","","","","","","","","","","","","","","","","","","","","","","","","","","","",""
"1","k","k","6","O","","","Prep","","","Dat","","","","","","","","","","","","","","","","","","","","","","","","","","","","","","","","","","",""
"1","východní","východní","7","O","","","","","","Dat","","Pos","","Fem","","","","","","","Sing","","","Pos","","","","","","","","","","","","","","","","","","","","",""
"1","stěně","stěna","8","O","","","","","","Dat","","","","Fem","","","","","","","Sing","","","","","","","","","","","","","","","","","","","","","","","",""
"1","místnosti","místnost","9","O","","","","","","Gen","","","","Fem","","","","","","","Sing","","","","","","","","","","","","","","","","","","","","","","","","No"
"1",".",".","10","O","","","","","","","","","","","","","","","","","","","","","","","","","","","","","","","","","","","","","","","","",""
"1","Na","na","1","O","","","Prep","","","Loc","","","","","","","","","","","","","","","","","","","","","","","","","","","","","","","","","","",""
"1","nevelkém","velký","2","O","","","","Inan","","Loc","","Pos","","Masc","","","","","","","Sing","","","Neg","","","","","","","","","","","","","","","","","","","","",""
"1","dochovaném","dochovaný","3","O","","","","Inan","","Loc","","Pos","","Masc","","","","","","","Sing","","","Pos","","","","","","","Part","Pass","","","","","","","","","","","","",""
"1","úseku","úsek","4","O","","","","Inan","","Loc","","","","Masc","","","","","","","Sing","","","","","","","","","","","","","","","","","","","","","","","",""
"1","bylo","být","5","O","","","","","Imp","","","","","Neut","","","","","","","Sing","","","Pos","","","","","Past","","Part","Act","","","","","","","","","","","","",""
"1","zdivo","zdivo","6","O","","","","","","Nom","","","","Neut","","","","","","","Sing","","","","","","","","","","","","","","","","","","","","","","","",""
"1","překryto","překrytý","7","O","","","","","Perf","","","Pos","","Neut","","","","","","","Sing","","","Pos","","","","","","Short","Part","Pass","","","","","","","","","","","","",""
"1","podlahou","podlaha","8","O","","","","","","Ins","","","","Fem","","","","","","","Sing","","","","","","","","","","","","","","","","","","","","","","","",""
"1","z","z","9","O","","","Prep","","","Gen","","","","","","","","","","","","","","","","","","","","","","","","","","","","","","","","","","",""
"1","cihel","cihla","10","O","","","","","","Gen","","","","Fem","","","","","","","Plur","","","","","","","","","","","","","","","","","","","","","","","",""
"1","formátu","formát","11","O","","","","Inan","","Gen","","","","Masc","","","","","","","Sing","","","","","","","","","","","","","","","","","","","","","","","",""
"1","30","30","12","B-nc","Cardinal number","","","","","","","","","","","","","","Digit","Card","","","","","","","","","","","","","","","","","","","","","","","","",""
"1","x","x","13","O","","","","","","","Oper","","","","","","","","","","","","","","","","","","","","","","","","","","","","","","","","","",""
"1","14","14","14","B-nc","Cardinal number","","","","","","","","","","","","","","Digit","Card","","","","","","","","","","","","","","","","","","","","","","","","",""
"1","x","x","15","O","","","","","","","Oper","","","","","","","","","","","","","","","","","","","","","","","","","","","","","","","","","",""
"1","6","6","16","B-nc","Cardinal number","","","","","","","","","","","","","","Digit","Card","","","","","","","","","","","","","","","","","","","","","","","","","No"
"1",",",",","17","I-nc","Cardinal number","","","","","","","","","","","","","","","","","","","","","","","","","","","","","","","","","","","","","","","","No"
"1","5","5","18","I-nc","Cardinal number","","","","","","","","","","","","","","Digit","Card","","","","","","","","","","","","","","","","","","","","","","","","",""
"1","cm","centimetr","19","B-oe","Measure unit","Yes","","Inan","","","","","","Masc","","","","","","","","","","","","","","","","","","","","","","","","","","","","","","","No"
"1",".",".","20","O","","","","","","","","","","","","","","","","","","","","","","","","","","","","","","","","","","","","","","","","",""
"1","Před","před","1","O","","","Prep","","","Ins","","","","","","","","","","","","","","","","","","","","","","","","","","","","","","","","","","",""
"1","snižováním","snižování","2","O","","","","","","Ins","","","","Neut","","","","","","","Sing","","","","","","","","","","Vnoun","","","","","","","","","","","","","",""
"1","úrovně","úroveň","3","O","","","","","","Gen","","","","Fem","","","","","","","Sing","","","","","","","","","","","","","","","","","","","","","","","",""
"1","byla","být","4","O","","","","","Imp","","","","","Fem,Neut","","","","","","","Plur,Sing","","","Pos","","","","","Past","","Part","Act","","","","","","","","","","","","",""
"1","líc","líc","5","O","","","","","","Nom","","","","Fem","","","","","","","Sing","","","","","","","","","","","","","","","","","","","","","","","",""
"1","zdi","zeď","6","O","","","","","","Gen","","","","Fem","","","","","","","Sing","","","","","","","","","","","","","","","","","","","","","","","",""
"1","zachycena","zachycený","7","O","","","","","Perf","","","Pos","","Fem,Neut","","","","","","","Plur,Sing","","","Pos","","","","","","Short","Part","Pass","","","","","","","","","","","","",""
"1","pouze","pouze","8","O","","","","","","","","","","","","","","","","","","","","","","","","","","","","","","","","","","","","","","","","",""
"1","při","při","9","O","","","Prep","","","Loc","","","","","","","","","","","","","","","","","","","","","","","","","","","","","","","","","","",""
"1","severní","severní","10","O","","","","","","Loc","","Pos","","Fem","","","","","","","Sing","","","Pos","","","","","","","","","","","","","","","","","","","","",""
"1","stěně","stěna","11","O","","","","","","Loc","","","","Fem","","","","","","","Sing","","","","","","","","","","","","","","","","","","","","","","","",""
"1","místnosti","místnost","12","O","","","","","","Gen","","","","Fem","","","","","","","Sing","","","","","","","","","","","","","","","","","","","","","","","","No"
"1",",",",","13","O","","","","","","","","","","","","","","","","","","","","","","","","","","","","","","","","","","","","","","","","",""
"1","do","do","14","O","","","Prep","","","Gen","","","","","","","","","","","","","","","","","","","","","","","","","","","","","","","","","","",""
"1","níž","jenž","15","O","","","","","","Gen","","","","Fem","","","","","","","Sing","","","","","Pre","Rel","","","","","","","","","","","","","","","","","",""
"1","vystupovalo","vystupovat","16","O","","","","","Imp","","","","","Neut","","","","","","","Sing","","","Pos","","","","","Past","","Part","Act","","","","","","","","","","","","",""
"1","torzo","torzo","17","O","","","","","","Nom","","","","Neut","","","","","","","Sing","","","","","","","","","","","","","","","","","","","","","","","",""
"1","70","70","18","B-nc","Cardinal number","","","","","","","","","","","","","","Digit","Card","","","","","","","","","","","","","","","","","","","","","","","","",""
"1","cm","centimetr","19","B-oe","Measure unit","Yes","","Inan","","","","","","Masc","","","","","","","","","","","","","","","","","","","","","","","","","","","","","","",""
"1","vysoké","vysoký","20","O","","","","","","Nom","","Pos","","Neut","","","","","","","Sing","","","Pos","","","","","","","","","","","","","","","","","","","","",""
"1","a","a","21","O","","","","","","","","","","","","","","","","","","","","","","","","","","","","","","","","","","","","","","","","",""
"1","cm","centimetr","22","B-oe","Measure unit","Yes","","Inan","","","","","","Masc","","","","","","","","","","","","","","","","","","","","","","","","","","","","","","",""
"1","dlouhé","dlouhý","23","O","","","","","","Nom","","Pos","","Neut","","","","","","","Sing","","","Pos","","","","","","","","","","","","","","","","","","","","","No"
"1",".",".","24","O","","","","","","","","","","","","","","","","","","","","","","","","","","","","","","","","","","","","","","","","",""
"1","Po","po","1","O","","","Prep","","","Loc","","","","","","","","","","","","","","","","","","","","","","","","","","","","","","","","","","",""
"1","snížení","snížení","2","O","","","","","","Loc","","","","Neut","","","","","","","Sing","","","","","","","","","","Vnoun","","","","","","","","","","","","","",""
"1","podlahy","podlaha","3","O","","","","","","Gen","","","","Fem","","","","","","","Sing","","","","","","","","","","","","","","","","","","","","","","","",""
"1","bylo","být","4","O","","","","","Imp","","","","","Neut","","","","","","","Sing","","","Pos","","","","","Past","","Part","Act","","","","","","","","","","","","",""
"1","zřejmé","zřejmý","5","O","","","","","","Nom","","Pos","","Neut","","","","","","","Sing","","","Pos","","","","","","","","","","","","","","","","","","","","","No"
"1",",",",","6","O","","","","","","","","","","","","","","","","","","","","","","","","","","","","","","","","","","","","","","","","",""
"1","že","že","7","O","","","","","","","","","","","","","","","","","","","","","","","","","","","","","","","","","","","","","","","","",""
"1","se","se","8","O","","","","","","Acc","","","","","","","","","","","","","","","","","Prs","Yes","","Short","","","","","","","","","","","","","","",""
"1","jednalo","jednat","9","O","","","","","Imp","","","","","Neut","","","","","","","Sing","","","Pos","","","","","Past","","Part","Act","","","","","","","","","","","","",""
"1","pouze","pouze","10","O","","","","","","","","","","","","","","","","","","","","","","","","","","","","","","","","","","","","","","","","",""
"1","o","o","11","O","","","Prep","","","Acc","","","","","","","","","","","","","","","","","","","","","","","","","","","","","","","","","","",""
"1","nepatrnou","patrný","12","O","","","","","","Acc","","Pos","","Fem","","","","","","","Sing","","","Neg","","","","","","","","","","","","","","","","","","","","",""
"1","část","část","13","O","","","","","","Acc","","","","Fem","","","","","","","Sing","","","","","","","","","","","","","","","","","","","","","","","",""
"1","zdivá","zdivý","14","O","","","","","","Gen","","","","Neut","","","","","","","Sing","","","","","","","","","","","","","","","","","","","","","","","","No"
"1",",",",","15","O","","","","","","","","","","","","","","","","","","","","","","","","","","","","","","","","","","","","","","","","",""
"1","probíhajícího","probíhající","16","O","","","","","Imp","Gen","","","","Neut","","","","","","","Sing","","","Pos","","","","","Pres","","Part","Act","","","","","","","","","","","","",""
"1","přes","přes","17","O","","","Prep","","","Acc","","","","","","","","","","","","","","","","","","","","","","","","","","","","","","","","","","",""
"1","celou","celý","18","O","","","","","","Acc","","Pos","","Fem","","","","","","","Sing","","","Pos","","","","","","","","","","","","","","","","","","","","",""
"1","1","1","19","B-nc","Cardinal number","","","","","","","","","","","","","","Digit","Card","","","","","","","","","","","","","","","","","","","","","","","","",""
"1","délku","délka","20","O","","","","","","Acc","","","","Fem","","","","","","","Sing","","","","","","","","","","","","","","","","","","","","","","","",""
"1","místnosti","místnost","21","O","","","","","","Gen","","","","Fem","","","","","","","Sing","","","","","","","","","","","","","","","","","","","","","","","",""
"1","a","a","22","O","","","","","","","","","","","","","","","","","","","","","","","","","","","","","","","","","","","","","","","","",""
"1","vertikálně","vertikálně","23","O","","","","","","","","Pos","","","","","","","","","","","","Pos","","","","","","","","","","","","","","","","","","","","",""
"1","pokračujícího","pokračující","24","O","","","","Inan","Imp","Gen","","","","Masc","","","","","","","Sing","","","Pos","","","","","Pres","","Part","Act","","","","","","","","","","","","",""
"1","do","do","25","O","","","Prep","","","Gen","","","","","","","","","","","","","","","","","","","","","","","","","","","","","","","","","","",""
"1","dále","dále","26","O","","","","","","","","","","","","","","","","","","","","","","","","","","","","","","","","","","","","","","","","",""
"1","nesledované","sledovaný","27","O","","","","","","Gen","","Pos","","Fem","","","","","","","Sing","","","Neg","","","","","","","Part","Pass","","","","","","","","","","","","",""
"1","hloubky","hloubka","28","O","","","","","","Gen","","","","Fem","","","","","","","Sing","","","","","","","","","","","","","","","","","","","","","","","","No"
"1",".",".","29","O","","","","","","","","","","","","","","","","","","","","","","","","","","","","","","","","","","","","","","","","",""
"1","Výkop","výkop","1","O","","","","Inan","","Nom","","","","Masc","","","","","","","Sing","","","","","","","","","","","","","","","","","","","","","","","",""
"1","v","v","2","O","","","Prep","","","Loc","","","","","","","","","","","","","","","","","","","","","","","","","","","","","","","","","","",""
"1","interiéru","interiér","3","O","","","","Inan","","Loc","","","","Masc","","","","","","","Sing","","","","","","","","","","","","","","","","","","","","","","","",""
"1","zasáhl","zasáhnout","4","O","","","","","Perf","","","","","Masc","","","","","","","Sing","","","Pos","","","","","Past","","Part","Act","","","","","","","","","","","","",""
"1","do","do","5","O","","","Prep","","","Gen","","","","","","","","","","","","","","","","","","","","","","","","","","","","","","","","","","",""
"1","písčité","písčitý","6","O","","","","","","Gen","","Pos","","Fem","","","","","","","Sing","","","Pos","","","","","","","","","","","","","","","","","","","","",""
"1","vrstvy","vrstva","7","O","","","","","","Gen","","","","Fem","","","","","","","Sing","","","","","","","","","","","","","","","","","","","","","","","",""
"1","násypového","násypový","8","O","","","","Inan","","Gen","","Pos","","Masc","","","","","","","Sing","","","Pos","","","","","","","","","","","","","","","","","","","","",""
"1","charakteru","charakter","9","O","","","","Inan","","Gen","","","","Masc","","","","","","","Sing","","","","","","","","","","","","","","","","","","","","","","","",""
"1","s","s","10","O","","","Prep","","","Ins","","","","","","","","","","","","","","","","","","","","","","","","","","","","","","","","","","",""
"1","příměsí","příměs","11","O","","","","","","Ins","","","","Fem","","","","","","","Sing","","","","","","","","","","","","","","","","","","","","","","","",""
"1","malty","malta","12","O","","","","","","Gen","","","","Fem","","","","","","","Sing","","","","","","","","","","","","","","","","","","","","","","","",""
"1","a","a","13","O","","","","","","","","","","","","","","","","","","","","","","","","","","","","","","","","","","","","","","","","",""
"1","úlomků","úlomek","14","O","","","","Inan","","Gen","","","","Masc","","","","","","","Plur","","","","","","","","","","","","","","","","","","","","","","","",""
"1","opuky","opuka","15","O","","","","","","Gen","","","","Fem","","","","","","","Sing","","","","","","","","","","","","","","","","","","","","","","","",""
"1","a","a","16","O","","","","","","","","","","","","","","","","","","","","","","","","","","","","","","","","","","","","","","","","",""
"1","cihel","cihla","17","O","","","","","","Gen","","","","Fem","","","","","","","Plur","","","","","","","","","","","","","","","","","","","","","","","","No"
"1",",",",","18","O","","","","","","","","","","","","","","","","","","","","","","","","","","","","","","","","","","","","","","","","",""
"1","ani","ani","19","O","","","","","","","","","","","","","","","","","","","","","","","","","","","","","","","","","","","","","","","","",""
"1","ä","ä","20","O","","","","","","","","","","","","","","","","","","","","","","","","","","","","","","","","","","","","","","","","",""
"1","v","v","21","O","","","Prep","","","Loc","","","","","","","","","","","","","","","","","","","","","","","","","","","","","","","","","","",""
"1","ní","on","22","O","","","","","","Loc","","","","Fem","","","","","","","Sing","","3","","","Pre","Prs","","","","","","","","","","","","","","","","","",""
"1","byly","být","23","O","","","","Inan","Imp","","","","","Fem,Masc","","","","","","","Plur","","","Pos","","","","","Past","","Part","Act","","","","","","","","","","","","",""
"1","nalezeny","nalezený","24","O","","","","Inan","Perf","","","Pos","","Fem,Masc","","","","","","","Plur","","","Pos","","","","","","Short","Part","Pass","","","","","","","","","","","","",""
"1","chronologicky","chronologicky","25","O","","","","","","","","Pos","","","","","","","","","","","","Pos","","","","","","","","","","","","","","","","","","","","",""
"1","citlivé","citlivý","26","O","","","","Inan","","Nom","","Pos","","Masc","","","","","","","Plur","","","Pos","","","","","","","","","","","","","","","","","","","","",""
"1","artefakty","artefakt","27","O","","","","Inan","","Nom","","","","Masc","","","","","","","Plur","","","","","","","","","","","","","","","","","","","","","","","","No"
"1",".",".","28","O","","","","","","","","","","","","","","","","","","","","","","","","","","","","","","","","","","","","","","","","",""
"1","Vlastní","vlastní","1","O","","","","","","Nom","","Pos","","Fem","","","","","","","Sing","","","Pos","","","","","","","","","","","","","","","","","","","","",""
"1","hmota","hmota","2","O","","","","","","Nom","","","","Fem","","","","","","","Sing","","","","","","","","","","","","","","","","","","","","","","","",""
"1","zdivá","zdivý","3","O","","","","","","Nom","","Pos","","Fem","","","","","","","Sing","","","Pos","","","","","","","","","","","","","","","","","","","","",""
"1","až","až","4","O","","","","","","","","","","","","","","","","","","","","","","","","","","","","","","","","","","","","","","","","",""
"1","k","k","5","O","","","Prep","","","Dat","","","","","","","","","","","","","","","","","","","","","","","","","","","","","","","","","","",""
"1","východní","východní","6","O","","","","","","Dat","","Pos","","Fem","","","","","","","Sing","","","Pos","","","","","","","","","","","","","","","","","","","","",""
"1","zdi","zeď","7","O","","","","","","Dat","","","","Fem","","","","","","","Sing","","","","","","","","","","","","","","","","","","","","","","","",""
"1","místnosti","místnost","8","O","","","","","","Gen","","","","Fem","","","","","","","Sing","","","","","","","","","","","","","","","","","","","","","","","",""
"1","byla","být","9","O","","","","","Imp","","","","","Fem,Neut","","","","","","","Plur,Sing","","","Pos","","","","","Past","","Part","Act","","","","","","","","","","","","",""
"1","vyaděna","vyaděný","10","O","","","","","Perf","","","Pos","","Fem,Neut","","","","","","","Plur,Sing","","","Pos","","","","","","Short","Part","Pass","","","","","","","","","","","","",""
"1","výlučně","výlučně","11","O","","","","","","","","Pos","","","","","","","","","","","","Pos","","","","","","","","","","","","","","","","","","","","",""
"1","z","z","12","O","","","Prep","","","Gen","","","","","","","","","","","","","","","","","","","","","","","","","","","","","","","","","","",""
"1","lomové","lomový","13","O","","","","","","Gen","","Pos","","Fem","","","","","","","Sing","","","Pos","","","","","","","","","","","","","","","","","","","","",""
"1","opuky","opuka","14","O","","","","","","Gen","","","","Fem","","","","","","","Sing","","","","","","","","","","","","","","","","","","","","","","","",""
"1","nevelkých","velký","15","O","","","","Inan","","Gen","","Pos","","Masc","","","","","","","Plur","","","Neg","","","","","","","","","","","","","","","","","","","","",""
"1","rozměrů","rozměr","16","O","","","","Inan","","Gen","","","","Masc","","","","","","","Plur","","","","","","","","","","","","","","","","","","","","","","","","No"
"1",",",",","17","O","","","","","","","","","","","","","","","","","","","","","","","","","","","","","","","","","","","","","","","","",""
"1","spojovaných","spojovaný","18","O","","","","Inan","","Gen","","Pos","","Masc","","","","","","","Plur","","","Pos","","","","","","","Part","Pass","","","","","","","","","","","","",""
"1","vápennou","vápenný","19","O","","","","","","Ins","","Pos","","Fem","","","","","","","Sing","","","Pos","","","","","","","","","","","","","","","","","","","","",""
"1","maltou","malta","20","O","","","","","","Ins","","","","Fem","","","","","","","Sing","","","","","","","","","","","","","","","","","","","","","","","",""
"1","z","z","21","O","","","Prep","","","Gen","","","","","","","","","","","","","","","","","","","","","","","","","","","","","","","","","","",""
"1","hrubého","hrubý","22","O","","","","Inan","","Gen","","Pos","","Masc","","","","","","","Sing","","","Pos","","","","","","","","","","","","","","","","","","","","",""
"1","říčního","říční","23","O","","","","Inan","","Gen","","Pos","","Masc","","","","","","","Sing","","","Pos","","","","","","","","","","","","","","","","","","","","",""
"1","písku","písek","24","O","","","","Inan","","Gen","","","","Masc","","","","","","","Sing","","","","","","","","","","","","","","","","","","","","","","","","No"
"1",".",".","25","O","","","","","","","","","","","","","","","","","","","","","","","","","","","","","","","","","","","","","","","","",""
"1","Přestože","přestože","1","O","","","","","","","","","","","","","","","","","","","","","","","","","","","","","","","","","","","","","","","","",""
"1","opticky","opticky","2","O","","","","","","","","Pos","","","","","","","","","","","","Pos","","","","","","","","","","","","","","","","","","","","",""
"1","nevypadá","vypadat","3","O","","","","","Imp","","","","","","","","Ind","","","","Sing","","3","Neg","","","","","Pres","","Fin","Act","","","","","","","","","","","","",""
"1","podíl","podíl","4","O","","","","Inan","","Nom","","","","Masc","","","","","","","Sing","","","","","","","","","","","","","","","","","","","","","","","",""
"1","vápna","vápno","5","O","","","","","","Gen","","","","Neut","","","","","","","Sing","","","","","","","","","","","","","","","","","","","","","","","",""
"1","v","v","6","O","","","Prep","","","Loc","","","","","","","","","","","","","","","","","","","","","","","","","","","","","","","","","","",""
"1","maltě","malta","7","O","","","","","","Loc","","","","Fem","","","","","","","Sing","","","","","","","","","","","","","","","","","","","","","","","",""
"1","jako","jako","8","O","","","","","","","","","","","","","","","","","","","","","","","","","","","","","","","","","","","","","","","","",""
"1","výrazný","výrazný","9","O","","","","Inan","","Nom","","Pos","","Masc","","","","","","","Sing","","","Pos","","","","","","","","","","","","","","","","","","","","","No"
"1",",",",","10","O","","","","","","","","","","","","","","","","","","","","","","","","","","","","","","","","","","","","","","","","",""
"1","malta","malta","11","O","","","","","","Nom","","","","Fem","","","","","","","Sing","","","","","","","","","","","","","","","","","","","","","","","",""
"1","samotná","samotný","12","O","","","","","","Nom","","Pos","","Fem","","","","","","","Sing","","","Pos","","","","","","","","","","","","","","","","","","","","",""
"1","je","být","13","O","","","","","Imp","","","","","","","","Ind","","","","Sing","","3","Pos","","","","","Pres","","Fin","Act","","","","","","","","","","","","",""
"1","kvalitní","kvalitní","14","O","","","","","","Nom","","Pos","","Fem","","","","","","","Sing","","","Pos","","","","","","","","","","","","","","","","","","","","",""
"1","a","a","15","O","","","","","","","","","","","","","","","","","","","","","","","","","","","","","","","","","","","","","","","","",""
"1","velmi","velmi","16","O","","","","","","","","","","","","","","","","","","","","","","","","","","","","","","","","","","","","","","","","",""
"1","pevná","pevný","17","O","","","","","","Nom","","Pos","","Fem","","","","","","","Sing","","","Pos","","","","","","","","","","","","","","","","","","","","","No"
"1",".",".","18","O","","","","","","","","","","","","","","","","","","","","","","","","","","","","","","","","","","","","","","","","",""
"1","Nejmarkantnější","markantní","1","O","","","","","","Ins","","Sup","","Fem","","","","","","","Sing","","","Pos","","","","","","","","","","","","","","","","","","","","",""
"1","partií","partie","2","O","","","","","","Ins","","","","Fem","","","","","","","Sing","","","","","","","","","","","","","","","","","","","","","","","",""
"1","zdivá","zdivý","3","O","","","","","","Gen","","Pos","","Fem","","","","","","","Sing","","","Pos","","","","","","","","","","","","","","","","","","","","",""
"1","byla","být","4","O","","","","","Imp","","","","","Fem,Neut","","","","","","","Plur,Sing","","","Pos","","","","","Past","","Part","Act","","","","","","","","","","","","",""
"1","její","jeho","5","O","","","","","","","","","","Fem","Fem","","","","","","","Sing","3","","Yes","","Prs","","","","","","","","","","","","","","","","","",""
"1","líc","líc","6","O","","","","","","Nom","","","","Fem","","","","","","","Sing","","","","","","","","","","","","","","","","","","","","","","","","No"
"1",",",",","7","O","","","","","","","","","","","","","","","","","","","","","","","","","","","","","","","","","","","","","","","","",""
"1","tvořená","tvořený","8","O","","","","","","Nom","","Pos","","Fem","","","","","","","Sing","","","Pos","","","","","","","Part","Pass","","","","","","","","","","","","",""
"1","řádkovaným","řádkovaný","9","O","","","","Inan","","Ins","","Pos","","Masc","","","","","","","Sing","","","Pos","","","","","","","Part","Pass","","","","","","","","","","","","",""
"1","obkladem","obklad","10","O","","","","Inan","","Ins","","","","Masc","","","","","","","Sing","","","","","","","","","","","","","","","","","","","","","","","",""
"1","z","z","11","O","","","Prep","","","Gen","","","","","","","","","","","","","","","","","","","","","","","","","","","","","","","","","","",""
"1","pečlivě","pečlivě","12","O","","","","","","","","Pos","","","","","","","","","","","","Pos","","","","","","","","","","","","","","","","","","","","",""
"1","opracovaných","opracovaný","13","O","","","","Inan","","Gen","","Pos","","Masc","","","","","","","Plur","","","Pos","","","","","","","Part","Pass","","","","","","","","","","","","",""
"1","pískovcových","pískovcový","14","O","","","","Inan","","Gen","","Pos","","Masc","","","","","","","Plur","","","Pos","","","","","","","","","","","","","","","","","","","","",""
"1","kvádrů","kvádr","15","O","","","","Inan","","Gen","","","","Masc","","","","","","","Plur","","","","","","","","","","","","","","","","","","","","","","","",""
"1","narezavěle","narezavěle","16","O","","","","","","","","Pos","","","","","","","","","","","","Pos","","","","","","","","","","","","","","","","","","","","",""
"1","Slutého","slutý","17","O","","","","","","Gen","","Pos","","Neut","","","","","","","Sing","","","Pos","","","","","","","","","","","","","","","","","","","","",""
"1","zbarvení","zbarvení","18","O","","","","","","Gen","","","","Neut","","","","","","","Sing","","","","","","","","","","Vnoun","","","","","","","","","","","","","",""
"1","(","(","19","O","","","","","","","","","","","","","","","","","","","","","","","","","","","","","","","","","","","","","","","","","No"
"1","foto","foto","20","O","","","","","","Nom","","","","Neut","","","","","","","Sing","","","","","","","","","","","","","","","","","","","","","","","",""
"1","1","1","21","B-nb","Volu-metric number","","","","","","","","","","","","","","Digit","Card","","","","","","","","","","","","","","","","","","","","","","","","","No"
"1","-","-","22","O","","","","","","","","","","","","","","","","","","","","","","","","","","","","","","","","","","","","","","","","","No"
"1","3","3","23","B-nb","Volu-metric number","","","","","","","","","","","","","","Digit","Card","","","","","","","","","","","","","","","","","","","","","","","","","No"
"1",")",")","24","O","","","","","","","","","","","","","","","","","","","","","","","","","","","","","","","","","","","","","","","","","No"
"1",".",".","25","O","","","","","","","","","","","","","","","","","","","","","","","","","","","","","","","","","","","","","","","","",""
"1","Nejvyšší","vysoký","1","O","","","","","","Nom","","Sup","","Fem","","","","","","","Sing","","","Pos","","","","","","","","","","","","","","","","","","","","",""
"1","odhalená","odhalený","2","O","","","","","","Nom","","Pos","","Fem","","","","","","","Sing","","","Pos","","","","","","","Part","Pass","","","","","","","","","","","","",""
"1","partie","partie","3","O","","","","","","Nom","","","","Fem","","","","","","","Sing","","","","","","","","","","","","","","","","","","","","","","","",""
"1","byla","být","4","O","","","","","Imp","","","","","Fem,Neut","","","","","","","Plur,Sing","","","Pos","","","","","Past","","Part","Act","","","","","","","","","","","","",""
"1","tvořena","tvořený","5","O","","","","","Imp","","","Pos","","Fem,Neut","","","","","","","Plur,Sing","","","Pos","","","","","","Short","Part","Pass","","","","","","","","","","","","",""
"1","čtyřmi","čtyři","6","O","","","","","","Ins","","","","","","","","","Word","Card","Plur","","","","","","","","","","","","","","","","","","","","","","","",""
"1","pískovcovými","pískovcový","7","O","","","","Inan","","Ins","","Pos","","Masc","","","","","","","Plur","","","Pos","","","","","","","","","","","","","","","","","","","","",""
"1","řádky","řádek","8","O","","","","Inan","","Ins","","","","Masc","","","","","","","Plur","","","","","","","","","","","","","","","","","","","","","","","",""
"1","o","o","9","O","","","Prep","","","Loc","","","","","","","","","","","","","","","","","","","","","","","","","","","","","","","","","","",""
"1","ce","ce","10","O","","","","","","","","","Yes","","","","","","","","","","","","","","","","","","","","","","","","","","","","","","","",""
"1","1","1","11","B-nc","Cardinal number","","","","","","","","","","","","","","Digit","Card","","","","","","","","","","","","","","","","","","","","","","","","",""
"1","kové","kový","12","O","","","","","","Loc","","Pos","","Fem","","","","","","","Sing","","","Pos","","","","","","","","","","","","","","","","","","","","",""
"1","výšce","výška","13","O","","","","","","Loc","","","","Fem","","","","","","","Sing","","","","","","","","","","","","","","","","","","","","","","","",""
"1","156","156","14","B-nc","Cardinal number","","","","","","","","","","","","","","Digit","Card","","","","","","","","","","","","","","","","","","","","","","","","",""
"1","cm","centimetr","15","B-oe","Measure unit","Yes","","Inan","","","","","","Masc","","","","","","","","","","","","","","","","","","","","","","","","","","","","","","","No"
"1",".",".","16","O","","","","","","","","","","","","","","","","","","","","","","","","","","","","","","","","","","","","","","","","",""
"1","Dva","dva","1","O","","","","","","Nom","","","","Masc","","","","","Word","Card","Plur","","","","","","","","","","","","","","","","","","","","","","","",""
"1","horn","horn","2","O","","","","Inan","","Nom","","Pos","","Masc","","","","","","","Plur","","","Pos","","","","","","","","","","","","","","","","","","","","",""
"1","í","í","3","O","","","","Inan","","Nom","","Pos","","Masc","","","","","","","Plur","","","Pos","","","","","","","","","","","","","","","","","","","","",""
"1","řádky","řádek","4","O","","","","Inan","","Nom","","","","Masc","","","","","","","Plur","","","","","","","","","","","","","","","","","","","","","","","",""
"1","o","o","5","O","","","Prep","","","Loc","","","","","","","","","","","","","","","","","","","","","","","","","","","","","","","","","","",""
"1","shodné","shodný","6","O","","","","","","Loc","","Pos","","Fem","","","","","","","Sing","","","Pos","","","","","","","","","","","","","","","","","","","","",""
"1","výšce","výška","7","O","","","","","","Loc","","","","Fem","","","","","","","Sing","","","","","","","","","","","","","","","","","","","","","","","",""
"1","35","35","8","B-nc","Cardinal number","","","","","","","","","","","","","","Digit","Card","","","","","","","","","","","","","","","","","","","","","","","","",""
"1","cm","centimetr","9","B-oe","Measure unit","Yes","","Inan","","","","","","Masc","","","","","","","","","","","","","","","","","","","","","","","","","","","","","","",""
"1","byly","být","10","O","","","","Inan","Imp","","","","","Fem,Masc","","","","","","","Plur","","","Pos","","","","","Past","","Part","Act","","","","","","","","","","","","",""
"1","dochovány","dochovaný","11","O","","","","Inan","Perf","","","Pos","","Fem,Masc","","","","","","","Plur","","","Pos","","","","","","Short","Part","Pass","","","","","","","","","","","","",""
"1","jen","jen","12","O","","","","","","","","","","","","","","","","","","","","","","","","","","","","","","","","","","","","","","","","",""
"1","u","u","13","O","","","Prep","","","Gen","","","","","","","","","","","","","","","","","","","","","","","","","","","","","","","","","","",""
"1","severní","severní","14","O","","","","","","Gen","","Pos","","Fem","","","","","","","Sing","","","Pos","","","","","","","","","","","","","","","","","","","","",""
"1","stěny","stěna","15","O","","","","","","Gen","","","","Fem","","","","","","","Sing","","","","","","","","","","","","","","","","","","","","","","","",""
"1","místnosti","místnost","16","O","","","","","","Gen","","","","Fem","","","","","","","Sing","","","","","","","","","","","","","","","","","","","","","","","",""
"1","a","a","17","O","","","","","","","","","","","","","","","","","","","","","","","","","","","","","","","","","","","","","","","","",""
"1","představují","představovat","18","O","","","","","Imp","","","","","","","","Ind","","","","Plur","","3","Pos","","","","","Pres","","Fin","Act","","","","","","","","","","","","",""
"1","doposud","doposud","19","O","","","","","","","","","","","","","","","","","","","","","","","","","","","","","","","","","","","","","","","","",""
"1","známý","známý","20","O","","","","Inan","","Acc","","Pos","","Masc","","","","","","","Sing","","","Pos","","","","","","","","","","","","","","","","","","","","",""
"1","úsek","úsek","21","O","","","","Inan","","Acc","","","","Masc","","","","","","","Sing","","","","","","","","","","","","","","","","","","","","","","","",""
"1","zdivá","zdivý","22","O","","","","","","Gen","","Pos","","Fem","","","","","","","Sing","","","Pos","","","","","","","","","","","","","","","","","","","","","No"
"1",".",".","23","O","","","","","","","","","","","","","","","","","","","","","","","","","","","","","","","","","","","","","","","","",""
"1","Nově","nově","1","O","","","","","","","","Pos","","","","","","","","","","","","Pos","","","","","","","","","","","","","","","","","","","","",""
"1","byly","být","2","O","","","","Inan","Imp","","","","","Fem,Masc","","","","","","","Plur","","","Pos","","","","","Past","","Part","Act","","","","","","","","","","","","",""
"1","odkryty","odkrytý","3","O","","","","Inan","Perf","","","Pos","","Fem,Masc","","","","","","","Plur","","","Pos","","","","","","Short","Part","Pass","","","","","","","","","","","","",""
"1","dalSÍ","dalsí","4","O","","","","Inan","","Nom","","Pos","","Masc","","","","","","","Plur","","","Pos","","","","","","","","","","","","","","","","","","","","",""
"1","dva","dva","5","O","","","","","","Nom","","","","Masc","","","","","Word","Card","Plur","","","","","","","","","","","","","","","","","","","","","","","",""
"1","pískovcové","pískovcový","6","O","","","","Inan","","Nom","","Pos","","Masc","","","","","","","Plur","","","Pos","","","","","","","","","","","","","","","","","","","","",""
"1","řádky","řádek","7","O","","","","Inan","","Nom","","","","Masc","","","","","","","Plur","","","","","","","","","","","","","","","","","","","","","","","","No"
"1",".",".","8","O","","","","","","","","","","","","","","","","","","","","","","","","","","","","","","","","","","","","","","","","",""
"1","Horní","horní","1","O","","","","Inan","","Nom","","Pos","","Masc","","","","","","","Sing","","","Pos","","","","","","","","","","","","","","","","","","","","",""
"1","z","z","2","O","","","Prep","","","Gen","","","","","","","","","","","","","","","","","","","","","","","","","","","","","","","","","","",""
"1","nich","on","3","O","","","","","","Gen","","","","","","","","","","","Plur","","3","","","Pre","Prs","","","","","","","","","","","","","","","","","",""
"1","kolísá","kolísat","4","O","","","","","Imp","","","","","","","","Ind","","","","Sing","","3","Pos","","","","","Pres","","Fin","Act","","","","","","","","","","","","",""
"1","ve","v","5","O","","","Voc","","","Loc","","","","","","","","","","","","","","","","","","","","","","","","","","","","","","","","","","",""
"1","výšce","výška","6","O","","","","","","Loc","","","","Fem","","","","","","","Sing","","","","","","","","","","","","","","","","","","","","","","","",""
"1","32","32","7","B-nc","Cardinal number","","","","","","","","","","","","","","Digit","Card","","","","","","","","","","","","","","","","","","","","","","","","",""
"1","-","-","8","O","","","","","","","","","","","","","","","","","","","","","","","","","","","","","","","","","","","","","","","","",""
"1","36","36","9","B-nc","Cardinal number","","","","","","","","","","","","","","Digit","Card","","","","","","","","","","","","","","","","","","","","","","","","",""
"1","cm","centimetr","10","B-oe","Measure unit","Yes","","Inan","","","","","","Masc","","","","","","","","","","","","","","","","","","","","","","","","","","","","","","",""
"1","a","a","11","O","","","","","","","","","","","","","","","","","","","","","","","","","","","","","","","","","","","","","","","","",""
"1","u","u","12","O","","","Prep","","","Gen","","","","","","","","","","","","","","","","","","","","","","","","","","","","","","","","","","",""
"1","5","5","13","B-nc","Cardinal number","","","","","","","","","","","","","","Digit","Card","","","","","","","","","","","","","","","","","","","","","","","","",""
"1","kompletně","kompletně","14","O","","","","","","","","Pos","","","","","","","","","","","","Pos","","","","","","","","","","","","","","","","","","","","",""
"1","dochovaných","dochovaný","15","O","","","","Inan","","Gen","","Pos","","Masc","","","","","","","Plur","","","Pos","","","","","","","Part","Pass","","","","","","","","","","","","",""
"1","kvádrů","kvádr","16","O","","","","Inan","","Gen","","","","Masc","","","","","","","Plur","","","","","","","","","","","","","","","","","","","","","","","",""
"1","činil","činit","17","O","","","","","Imp","","","","","Masc","","","","","","","Sing","","","Pos","","","","","Past","","Part","Act","","","","","","","","","","","","",""
"1","jejich","jeho","18","O","","","","","","","","","","","","","","","","","","Plur","3","","Yes","","Prs","","","","","","","","","","","","","","","","","",""
"1","horizontální","horizontální","19","O","","","","Inan","","Nom","","Pos","","Masc","","","","","","","Sing","","","Pos","","","","","","","","","","","","","","","","","","","","",""
"1","rozměr","rozměr","20","O","","","","Inan","","Nom","","","","Masc","","","","","","","Sing","","","","","","","","","","","","","","","","","","","","","","","",""
"1","126","126","21","B-nc","Cardinal number","","","","","","","","","","","","","","Digit","Card","","","","","","","","","","","","","","","","","","","","","","","","","No"
"1",",",",","22","O","","","","","","","","","","","","","","","","","","","","","","","","","","","","","","","","","","","","","","","","",""
"1","120","120","23","B-nc","Cardinal number","","","","","","","","","","","","","","Digit","Card","","","","","","","","","","","","","","","","","","","","","","","","","No"
"1",",",",","24","O","","","","","","","","","","","","","","","","","","","","","","","","","","","","","","","","","","","","","","","","",""
"1","122","122","25","B-nc","Cardinal number","","","","","","","","","","","","","","Digit","Card","","","","","","","","","","","","","","","","","","","","","","","","","No"
"1",",",",","26","O","","","","","","","","","","","","","","","","","","","","","","","","","","","","","","","","","","","","","","","","",""
"1","130","130","27","B-nc","Cardinal number","","","","","","","","","","","","","","Digit","Card","","","","","","","","","","","","","","","","","","","","","","","","",""
"1","a","a","28","O","","","","","","","","","","","","","","","","","","","","","","","","","","","","","","","","","","","","","","","","",""
"1","116","116","29","B-nc","Cardinal number","","","","","","","","","","","","","","Digit","Card","","","","","","","","","","","","","","","","","","","","","","","","",""
"1","cm","centimetr","30","B-oe","Measure unit","Yes","","Inan","","","","","","Masc","","","","","","","","","","","","","","","","","","","","","","","","","","","","","","","No"
"1",".",".","31","O","","","","","","","","","","","","","","","","","","","","","","","","","","","","","","","","","","","","","","","","",""
"1","Spodní","spodní","1","O","","","","Inan","","Nom","","Pos","","Masc","","","","","","","Sing","","","Pos","","","","","","","","","","","","","","","","","","","","",""
"1","řádek","řádek","2","O","","","","Inan","","Nom","","","","Masc","","","","","","","Sing","","","","","","","","","","","","","","","","","","","","","","","",""
"1","dosahoval","dosahovat","3","O","","","","","Imp","","","","","Masc","","","","","","","Sing","","","Pos","","","","","Past","","Part","Act","","","","","","","","","","","","",""
"1","výšky","výška","4","O","","","","","","Gen","","","","Fem","","","","","","","Sing","","","","","","","","","","","","","","","","","","","","","","","",""
"1","52","52","5","B-nc","Cardinal number","","","","","","","","","","","","","","Digit","Card","","","","","","","","","","","","","","","","","","","","","","","","",""
"1","cm","centimetr","6","B-oe","Measure unit","Yes","","Inan","","","","","","Masc","","","","","","","","","","","","","","","","","","","","","","","","","","","","","","",""
"1","a","a","7","O","","","","","","","","","","","","","","","","","","","","","","","","","","","","","","","","","","","","","","","","",""
"1","skládal","skládat","8","O","","","","","Imp","","","","","Masc","","","","","","","Sing","","","Pos","","","","","Past","","Part","Act","","","","","","","","","","","","",""
"1","se","se","9","O","","","","","","Acc","","","","","","","","","","","","","","","","","Prs","Yes","","Short","","","","","","","","","","","","","","",""
"1","z","z","10","O","","","Prep","","","Gen","","","","","","","","","","","","","","","","","","","","","","","","","","","","","","","","","","",""
"1","kvádrů","kvádr","11","O","","","","Inan","","Gen","","","","Masc","","","","","","","Plur","","","","","","","","","","","","","","","","","","","","","","","",""
"1","dlouhých","dlouhý","12","O","","","","Inan","","Gen","","Pos","","Masc","","","","","","","Plur","","","Pos","","","","","","","","","","","","","","","","","","","","",""
"1","70","70","13","B-nc","Cardinal number","","","","","","","","","","","","","","Digit","Card","","","","","","","","","","","","","","","","","","","","","","","","","No"
"1",",",",","14","O","","","","","","","","","","","","","","","","","","","","","","","","","","","","","","","","","","","","","","","","",""
"1","69","69","15","B-nc","Cardinal number","","","","","","","","","","","","","","Digit","Card","","","","","","","","","","","","","","","","","","","","","","","","","No"
"1",",",",","16","O","","","","","","","","","","","","","","","","","","","","","","","","","","","","","","","","","","","","","","","","",""
"1","52","52","17","B-nc","Cardinal number","","","","","","","","","","","","","","Digit","Card","","","","","","","","","","","","","","","","","","","","","","","","","No"
"1",",",",","18","O","","","","","","","","","","","","","","","","","","","","","","","","","","","","","","","","","","","","","","","","",""
"1","120","120","19","B-nc","Cardinal number","","","","","","","","","","","","","","Digit","Card","","","","","","","","","","","","","","","","","","","","","","","","","No"
"1",",",",","20","O","","","","","","","","","","","","","","","","","","","","","","","","","","","","","","","","","","","","","","","","",""
"1","46","46","21","B-nc","Cardinal number","","","","","","","","","","","","","","Digit","Card","","","","","","","","","","","","","","","","","","","","","","","","","No"
"1",",",",","22","O","","","","","","","","","","","","","","","","","","","","","","","","","","","","","","","","","","","","","","","","",""
"1","73","73","23","B-nc","Cardinal number","","","","","","","","","","","","","","Digit","Card","","","","","","","","","","","","","","","","","","","","","","","","","No"
"1",",",",","24","O","","","","","","","","","","","","","","","","","","","","","","","","","","","","","","","","","","","","","","","","",""
"1","78","78","25","B-nc","Cardinal number","","","","","","","","","","","","","","Digit","Card","","","","","","","","","","","","","","","","","","","","","","","","","No"
"1",",",",","26","O","","","","","","","","","","","","","","","","","","","","","","","","","","","","","","","","","","","","","","","","",""
"1","110","110","27","B-nc","Cardinal number","","","","","","","","","","","","","","Digit","Card","","","","","","","","","","","","","","","","","","","","","","","","",""
"1","a","a","28","O","","","","","","","","","","","","","","","","","","","","","","","","","","","","","","","","","","","","","","","","",""
"1","120","120","29","B-nc","Cardinal number","","","","","","","","","","","","","","Digit","Card","","","","","","","","","","","","","","","","","","","","","","","","",""
"1","cm","centimetr","30","B-oe","Measure unit","Yes","","Inan","","","","","","Masc","","","","","","","","","","","","","","","","","","","","","","","","","","","","","","","No"
"1",".",".","31","O","","","","","","","","","","","","","","","","","","","","","","","","","","","","","","","","","","","","","","","","",""
"1","Většina","většina","1","O","","","","","","Nom","","","","Fem","","","","","","","Sing","","","","","","","","","","","","","","","","","","","","","","","",""
"1","z","z","2","O","","","Prep","","","Gen","","","","","","","","","","","","","","","","","","","","","","","","","","","","","","","","","","",""
"1","kvádrů","kvádr","3","O","","","","Inan","","Gen","","","","Masc","","","","","","","Plur","","","","","","","","","","","","","","","","","","","","","","","",""
"1","byla","být","4","O","","","","","Imp","","","","","Fem,Neut","","","","","","","Plur,Sing","","","Pos","","","","","Past","","Part","Act","","","","","","","","","","","","",""
"1","na","na","5","O","","","Prep","","","Loc","","","","","","","","","","","","","","","","","","","","","","","","","","","","","","","","","","",""
"1","své","svůj","6","O","","","","","","Loc","","","","Fem","","","","","","","Sing","","","","Yes","","Prs","Yes","","","","","","","","","","","","","","","","",""
"1","lícové","lícový","7","O","","","","","","Loc","","Pos","","Fem","","","","","","","Sing","","","Pos","","","","","","","","","","","","","","","","","","","","",""
"1","stěně","stěna","8","O","","","","","","Loc","","","","Fem","","","","","","","Sing","","","","","","","","","","","","","","","","","","","","","","","",""
"1","opatřena","opatřený","9","O","","","","","Perf","","","Pos","","Fem,Neut","","","","","","","Plur,Sing","","","Pos","","","","","","Short","Part","Pass","","","","","","","","","","","","",""
"1","důlkem","důlek","10","O","","","","Inan","","Ins","","","","Masc","","","","","","","Sing","","","","","","","","","","","","","","","","","","","","","","","",""
"1","pro","pro","11","O","","","Prep","","","Acc","","","","","","","","","","","","","","","","","","","","","","","","","","","","","","","","","","",""
"1","lepší","lepší","12","O","","","","","","Acc","","Cmp","","Neut","","","","","","","Sing","","","Pos","","","","","","","","","","","","","","","","","","","","",""
"1","uchycení","uchycení","13","O","","","","","","Acc","","","","Neut","","","","","","","Sing","","","","","","","","","","Vnoun","","","","","","","","","","","","","",""
"1","do","do","14","O","","","Prep","","","Gen","","","","","","","","","","","","","","","","","","","","","","","","","","","","","","","","","","",""
"1","nůžkové","nůžkový","15","O","","","","","","Gen","","Pos","","Fem","","","","","","","Sing","","","Pos","","","","","","","","","","","","","","","","","","","","",""
"1","krenpy","krenpa","16","O","","","","","","Gen","","","","Fem","","","","","","","Sing","","","","","","","","","","","","","","","","","","","","","","","","No"
"1",",",",","17","O","","","","","","","","","","","","","","","","","","","","","","","","","","","","","","","","","","","","","","","","",""
"1","při","při","18","O","","","Prep","","","Loc","","","","","","","","","","","","","","","","","","","","","","","","","","","","","","","","","","",""
"1","čemě","co","19","O","","","","","","Loc","","","","Fem","","","","","","","Sing","","","","","","","","","","","","","","","","","","","","","","","",""
"1","podstatně","podstatně","20","O","","","","","","","","Pos","","","","","","","","","","","","Pos","","","","","","","","","","","","","","","","","","","","",""
"1","větší","velký","21","O","","","","","","Nom","","Cmp","","Neut","","","","","","","Sing","","","Pos","","","","","","","","","","","","","","","","","","","","",""
"1","procento","procento","22","O","","","","","","Nom","","","","Neut","","","","","","","Sing","","","","","","","","","","","","","","","","","","","","","","","",""
"1","výskytu","výskyt","23","O","","","","Inan","","Gen","","","","Masc","","","","","","","Sing","","","","","","","","","","","","","","","","","","","","","","","",""
"1","důlku","důlek","24","O","","","","Inan","","Gen","","","","Masc","","","","","","","Sing","","","","","","","","","","","","","","","","","","","","","","","",""
"1","bylo","být","25","O","","","","","Imp","","","","","Neut","","","","","","","Sing","","","Pos","","","","","Past","","Part","Act","","","","","","","","","","","","",""
"1","zaznamenáno","zaznamenaný","26","O","","","","","Perf","","","Pos","","Neut","","","","","","","Sing","","","Pos","","","","","","Short","Part","Pass","","","","","","","","","","","","",""
"1","v","v","27","O","","","Prep","","","Loc","","","","","","","","","","","","","","","","","","","","","","","","","","","","","","","","","","",""
"1","dolní","dolní","28","O","","","","","","Loc","","Pos","","Fem","","","","","","","Sing","","","Pos","","","","","","","","","","","","","","","","","","","","",""
"1","z","z","29","O","","","Prep","","","Gen","","","","","","","","","","","","","","","","","","","","","","","","","","","","","","","","","","",""
"1","dvou","dva","30","O","","","","","","Gen","","","","","","","","","Word","Card","Plur","","","","","","","","","","","","","","","","","","","","","","","",""
"1","řádek","řádka","31","O","","","","","","Gen","","","","Fem","","","","","","","Plur","","","","","","","","","","","","","","","","","","","","","","","",""
"1","souvisle","souvisle","32","O","","","","","","","","Pos","","","","","","","","","","","","Pos","","","","","","","","","","","","","","","","","","","","",""
"1","dochovaného","dochovaný","33","O","","","","","","Gen","","Pos","","Neut","","","","","","","Sing","","","Pos","","","","","","","Part","Pass","","","","","","","","","","","","",""
"1","zdivá","zdivý","34","O","","","","","","Gen","","","","Neut","","","","","","","Sing","","","","","","","","","","","","","","","","","","","","","","","","No"
"1",".",".","35","O","","","","","","","","","","","","","","","","","","","","","","","","","","","","","","","","","","","","","","","","",""
"1","Důlky","důlek","1","O","","","","Inan","","Nom","","","","Masc","","","","","","","Plur","","","","","","","","","","","","","","","","","","","","","","","",""
"1","byly","být","2","O","","","","Inan","Imp","","","","","Fem,Masc","","","","","","","Plur","","","Pos","","","","","Past","","Part","Act","","","","","","","","","","","","",""
"1","situovány","situovaný","3","O","","","","Inan","Imp","","","Pos","","Fem,Masc","","","","","","","Plur","","","Pos","","","","","","Short","Part","Pass","","","","","","","","","","","","",""
"1","horizontálně","horizontálně","4","O","","","","","","","","Pos","","","","","","","","","","","","Pos","","","","","","","","","","","","","","","","","","","","",""
"1","zhruba","zhruba","5","O","","","","","","","","","","","","","","","","","","","","","","","","","","","","","","","","","","","","","","","","",""
"1","uprostřed","uprostřed","6","O","","","Prep","","","Gen","","","","","","","","","","","","","","","","","","","","","","","","","","","","","","","","","","",""
"1","kvádru","kvádr","7","O","","","","Inan","","Gen","","","","Masc","","","","","","","Sing","","","","","","","","","","","","","","","","","","","","","","","","No"
"1",",",",","8","O","","","","","","","","","","","","","","","","","","","","","","","","","","","","","","","","","","","","","","","","",""
"1","ve","v","9","O","","","Voc","","","Loc","","","","","","","","","","","","","","","","","","","","","","","","","","","","","","","","","","",""
"1","vertikálním","vertikální","10","O","","","","Inan","","Loc","","Pos","","Masc","","","","","","","Sing","","","Pos","","","","","","","","","","","","","","","","","","","","",""
"1","rozměru","rozměr","11","O","","","","Inan","","Loc","","","","Masc","","","","","","","Sing","","","","","","","","","","","","","","","","","","","","","","","",""
"1","byly","být","12","O","","","","Inan","Imp","","","","","Fem,Masc","","","","","","","Plur","","","Pos","","","","","Past","","Part","Act","","","","","","","","","","","","",""
"1","umístěny","umístěný","13","O","","","","Inan","Perf","","","Pos","","Fem,Masc","","","","","","","Plur","","","Pos","","","","","","Short","Part","Pass","","","","","","","","","","","","",""
"1","blíže","blízko","14","O","","","","","","","","Cmp","","","","","","","","","","","","Pos","","","","","","","","","","","","","","","","","","","","",""
"1","horní","horní","15","O","","","","","","Gen","","Pos","","Fem","","","","","","","Sing","","","Pos","","","","","","","","","","","","","","","","","","","","",""
"1","hrany","hrana","16","O","","","","","","Gen","","","","Fem","","","","","","","Sing","","","","","","","","","","","","","","","","","","","","","","","",""
"1","(","(","17","O","","","","","","","","","","","","","","","","","","","","","","","","","","","","","","","","","","","","","","","","",""
"1","zhruba","zhruba","18","O","","","","","","","","","","","","","","","","","","","","","","","","","","","","","","","","","","","","","","","","",""
"1","15","15","19","B-nc","Cardinal number","","","","","","","","","","","","","","Digit","Card","","","","","","","","","","","","","","","","","","","","","","","","",""
"1","cm","centimetr","20","B-oe","Measure unit","Yes","","Inan","","","","","","Masc","","","","","","","","","","","","","","","","","","","","","","","","","","","","","","",""
"1","pod","pod","21","O","","","Prep","","","Ins","","","","","","","","","","","","","","","","","","","","","","","","","","","","","","","","","","","No"
"1",")",")","22","O","","","","","","","","","","","","","","","","","","","","","","","","","","","","","","","","","","","","","","","","",""
"1","lícového","lícový","23","O","","","","Inan","","Gen","","Pos","","Masc","","","","","","","Sing","","","Pos","","","","","","","","","","","","","","","","","","","","",""
"1","kvádru","kvádr","24","O","","","","Inan","","Gen","","","","Masc","","","","","","","Sing","","","","","","","","","","","","","","","","","","","","","","","","No"
"1",".",".","25","O","","","","","","","","","","","","","","","","","","","","","","","","","","","","","","","","","","","","","","","","",""
"1","Ma","ma","1","O","","Yes","","","","","","","","","","","","","","","","","","","","","","","","","","","","","","","","","","","","","","","No"
"1","1","1","2","B-nc","Cardinal number","","","","","","","","","","","","","","Digit","Card","","","","","","","","","","","","","","","","","","","","","","","","",""
"1","ta","ten","3","O","","","","","","Nom","","","","Fem","","","","","","","Sing","","","","","","Dem","","","","","","","","","","","","","","","","","",""
"1","vyt","vyt","4","O","","","","","","Nom","","","","Fem","","","","","","","Sing","","","","","","","","","","","","","","","","","","","","","","","","No"
"1","1","1","5","O","","","","","","","","","","","","","","","Digit","Card","","","","","","","","","","","","","","","","","","","","","","","","","No"
"1","ačená","ačený","6","O","","","","","","Nom","","Pos","","Fem","","","","","","","Sing","","","Pos","","","","","","","Part","Pass","","","","","","","","","","","","",""
"1","z","z","7","O","","","Prep","","","Gen","","","","","","","","","","","","","","","","","","","","","","","","","","","","","","","","","","",""
"1","úzkých","úzký","8","O","","","","","","Gen","","Pos","","Fem","","","","","","","Plur","","","Pos","","","","","","","","","","","","","","","","","","","","",""
"1","spár","spára","9","O","","","","","","Gen","","","","Fem","","","","","","","Plur","","","","","","","","","","","","","","","","","","","","","","","",""
"1","by","být","10","O","","","","","Imp","","","","","","","","Cnd","","","","","","","","","","","","","","Fin","","","","","","","","","","","","","","No"
"1","1","1","11","B-n_","Number expression (General)","","","","","","","","","","","","","","Digit","Card","","","","","","","","","","","","","","","","","","","","","","","","","No"
"1","a","a","12","O","","","","","","","","","","","","","","","","","","","","","","","","","","","","","","","","","","","","","","","","",""
"1","rozetřena","rozetřený","13","O","","","","","Perf","","","Pos","","Fem,Neut","","","","","","","Plur,Sing","","","Pos","","","","","","Short","Part","Pass","","","","","","","","","","","","",""
"1","do","do","14","O","","","Prep","","","Gen","","","","","","","","","","","","","","","","","","","","","","","","","","","","","","","","","","",""
"1","plochy","plocha","15","O","","","","","","Gen","","","","Fem","","","","","","","Sing","","","","","","","","","","","","","","","","","","","","","","","",""
"1","kvádrů","kvádr","16","O","","","","Inan","","Gen","","","","Masc","","","","","","","Plur","","","","","","","","","","","","","","","","","","","","","","","","No"
"1",",",",","17","O","","","","","","","","","","","","","","","","","","","","","","","","","","","","","","","","","","","","","","","","",""
"1","dosahují","dosahovat","18","O","","","","","Imp","","","","","","","","Ind","","","","Plur","","3","Pos","","","","","Pres","","Fin","Act","","","","","","","","","","","","",""
"1","ce","ce","19","O","","","","","","","","","","","","","","","","","","","","","","","","","","","","","","","","","","","","","","","","",""
"1","tak","tak","20","O","","","","","","","","","","","","","","","","","","","","","","","Dem","","","","","","","","","","","","","","","","","",""
"1","aä","aä","21","O","","","","","","","","","","","","","","","","","","","","","","","","","","","","","","","","","","","","","","","","",""
"1","6","6","22","B-nc","Cardinal number","","","","","","","","","","","","","","Digit","Card","","","","","","","","","","","","","","","","","","","","","","","","",""
"1","cm","centimetr","23","B-oe","Measure unit","Yes","","Inan","","","","","","Masc","","","","","","","","","","","","","","","","","","","","","","","","","","","","","","",""
"1","šfřky","šfřka","24","O","","","","","","Gen","","","","Fem","","","","","","","Sing","","","","","","","","","","","","","","","","","","","","","","","","No"
"1",".",".","25","O","","","","","","","","","","","","","","","","","","","","","","","","","","","","","","","","","","","","","","","","",""
"1","Stavební","stavební","1","O","","","","","","Nom","","Pos","","Fem","","","","","","","Plur","","","Pos","","","","","","","","","","","","","","","","","","","","",""
"1","úpravy","úprava","2","O","","","","","","Nom","","","","Fem","","","","","","","Plur","","","","","","","","","","","","","","","","","","","","","","","",""
"1","v","v","3","O","","","Prep","","","Loc","","","","","","","","","","","","","","","","","","","","","","","","","","","","","","","","","","",""
"1","sousední","sousední","4","O","","","","Inan","","Loc","","Pos","","Masc","","","","","","","Sing","","","Pos","","","","","","","","","","","","","","","","","","","","",""
"1","m","metr","5","O","","Yes","","Inan","","","","","","Masc","","","","","","","","","","","","","","","","","","","","","","","","","","","","","","",""
"1","východním","východní","6","O","","","","Inan","","Loc","","Pos","","Masc","","","","","","","Sing","","","Pos","","","","","","","","","","","","","","","","","","","","",""
"1","prostoru","prostor","7","O","","","","Inan","","Loc","","","","Masc","","","","","","","Sing","","","","","","","","","","","","","","","","","","","","","","","",""
"1","sklepa","sklep","8","O","","","","Inan","","Gen","","","","Masc","","","","","","","Sing","","","","","","","","","","","","","","","","","","","","","","","",""
"1","rovně","rovně","9","O","","","","","","","","Pos","","","","","","","","","","","","Pos","","","","","","","","","","","","","","","","","","","","",""
"1","zasáhly","zasáhnout","10","O","","","","Inan","Perf","","","","","Fem,Masc","","","","","","","Plur","","","Pos","","","","","Past","","Part","Act","","","","","","","","","","","","",""
"1","pod","pod","11","O","","","Prep","","","Acc","","","","","","","","","","","","","","","","","","","","","","","","","","","","","","","","","","",""
"1","úroveň","úroveň","12","O","","","","","","Acc","","","","Fem","","","","","","","Sing","","","","","","","","","","","","","","","","","","","","","","","",""
"1","podlahy","podlaha","13","O","","","","","","Gen","","","","Fem","","","","","","","Sing","","","","","","","","","","","","","","","","","","","","","","","","No"
"1",",",",","14","O","","","","","","","","","","","","","","","","","","","","","","","","","","","","","","","","","","","","","","","","",""
"1","i","i","15","O","","","","","","","","","","","","","","","","","","","","","","","","","","","","","","","","","","","","","","","","",""
"1","když","když","16","O","","","","","","","","","","","","","","","","","","","","","","","","","","","","","","","","","","","","","","","","",""
"1","ve","v","17","O","","","Voc","","","Loc","","","","","","","","","","","","","","","","","","","","","","","","","","","","","","","","","","",""
"1","výrazně","výrazně","18","O","","","","","","","","Pos","","","","","","","","","","","","Pos","","","","","","","","","","","","","","","","","","","","",""
"1","omezenější","omezený","19","O","","","","","","Loc","","Cmp","","Fem","","","","","","","Sing","","","Pos","","","","","","","","","","","","","","","","","","","","",""
"1","míře","míra","20","O","","","","","","Loc","","","","Fem","","","","","","","Sing","","","","","","","","","","","","","","","","","","","","","","","","No"
"1",".",".","21","O","","","","","","","","","","","","","","","","","","","","","","","","","","","","","","","","","","","","","","","","",""
"1","Zhruba","zhruba","1","O","","","","","","","","","","","","","","","","","","","","","","","","","","","","","","","","","","","","","","","","",""
"1","1","1","2","B-nc","Cardinal number","","","","","","","","","","","","","","Digit","Card","","","","","","","","","","","","","","","","","","","","","","","","",""
"1","m","metr","3","B-oe","Measure unit","Yes","","Inan","","","","","","Masc","","","","","","","","","","","","","","","","","","","","","","","","","","","","","","",""
"1","široké","široký","4","O","","","","Inan","","Nom","","Pos","","Masc","","","","","","","Plur","","","Pos","","","","","","","","","","","","","","","","","","","","",""
"1","průkopy","průkop","5","O","","","","Inan","","Nom","","","","Masc","","","","","","","Plur","","","","","","","","","","","","","","","","","","","","","","","",""
"1","podél","podél","6","O","","","Prep","","","Gen","","","","","","","","","","","","","","","","","","","","","","","","","","","","","","","","","","",""
"1","západní","západní","7","O","","","","","","Gen","","Pos","","Fem","","","","","","","Sing","","","Pos","","","","","","","","","","","","","","","","","","","","",""
"1","části","část","8","O","","","","","","Gen","","","","Fem","","","","","","","Sing","","","","","","","","","","","","","","","","","","","","","","","",""
"1","severní","severní","9","O","","","","","","Gen","","Pos","","Fem","","","","","","","Sing","","","Pos","","","","","","","","","","","","","","","","","","","","",""
"1","stěny","stěna","10","O","","","","","","Gen","","","","Fem","","","","","","","Sing","","","","","","","","","","","","","","","","","","","","","","","",""
"1","a","a","11","O","","","","","","","","","","","","","","","","","","","","","","","","","","","","","","","","","","","","","","","","",""
"1","podél","podél","12","O","","","Prep","","","Gen","","","","","","","","","","","","","","","","","","","","","","","","","","","","","","","","","","",""
"1","dodatečné","dodatečný","13","O","","","","","","Gen","","Pos","","Fem","","","","","","","Sing","","","Pos","","","","","","","","","","","","","","","","","","","","",""
"1","příčky","příčka","14","O","","","","","","Gen","","","","Fem","","","","","","","Sing","","","","","","","","","","","","","","","","","","","","","","","",""
"1","ve","v","15","O","","","Voc","","","Loc","","","","","","","","","","","","","","","","","","","","","","","","","","","","","","","","","","",""
"1","sklepě","sklep","16","O","","","","Inan","","Loc","","","","Masc","","","","","","","Sing","","","","","","","","","","","","","","","","","","","","","","","",""
"1","prostoru","prostor","17","O","","","","Inan","","Gen","","","","Masc","","","","","","","Sing","","","","","","","","","","","","","","","","","","","","","","","",""
"1","zaznamenaly","zaznamenat","18","O","","","","Inan","Perf","","","","","Fem,Masc","","","","","","","Plur","","","Pos","","","","","Past","","Part","Act","","","","","","","","","","","","",""
"1","znovu","znovu","19","O","","","","","","","","","","","","","","","","","","","","","","","","","","","","","","","","","","","","","","","","",""
"1","existenci","existence","20","O","","","","","","Acc","","","","Fem","","","","","","","Sing","","","","","","","","","","","","","","","","","","","","","","","",""
"1","opukového","opukový","21","O","","","","","","Gen","","Pos","","Neut","","","","","","","Sing","","","Pos","","","","","","","","","","","","","","","","","","","","",""
"1","zdivá","zdivá","22","O","","","","","","Gen","","","","Neut","","","","","","","Sing","","","","","","","","","","","","","","","","","","","","","","","",""
"1","s","s","23","O","","","Prep","","","Ins","","","","","","","","","","","","","","","","","","","","","","","","","","","","","","","","","","",""
"1","maltou","malta","24","O","","","","","","Ins","","","","Fem","","","","","","","Sing","","","","","","","","","","","","","","","","","","","","","","","",""
"1","obdobného","obdobný","25","O","","","","","","Gen","","Pos","","Neut","","","","","","","Sing","","","Pos","","","","","","","","","","","","","","","","","","","","",""
"1","složení","složení","26","O","","","","","","Gen","","","","Neut","","","","","","","Sing","","","","","","","","","","Vnoun","","","","","","","","","","","","","",""
"1","jako","jako","27","O","","","","","","","","","","","","","","","","","","","","","","","","","","","","","","","","","","","","","","","","",""
"1","v","v","28","O","","","Prep","","","Loc","","","","","","","","","","","","","","","","","","","","","","","","","","","","","","","","","","",""
"1","západní","západní","29","O","","","","","","Loc","","Pos","","Fem","","","","","","","Sing","","","Pos","","","","","","","","","","","","","","","","","","","","",""
"1","partií","partie","30","O","","","","","","Loc","","","","Fem","","","","","","","Sing","","","","","","","","","","","","","","","","","","","","","","","",""
"1","sklepa","sklep","31","O","","","","Inan","","Gen","","","","Masc","","","","","","","Sing","","","","","","","","","","","","","","","","","","","","","","","","No"
"1",".",".","32","O","","","","","","","","","","","","","","","","","","","","","","","","","","","","","","","","","","","","","","","","",""
"1","V","v","1","O","","","Prep","","","Loc","","","","","","","","","","","","","","","","","","","","","","","","","","","","","","","","","","",""
"1","žádné","žádný","2","O","","","","","","Loc","","","","Fem","","","","","","","Sing","","","","","","Neg","","","","","","","","","","","","","","","","","",""
"1","z","z","3","O","","","Prep","","","Gen","","","","","","","","","","","","","","","","","","","","","","","","","","","","","","","","","","",""
"1","obou","oba","4","O","","","","","","Gen","","","","","","","","","Word","Card","Plur","","","","","","","","","","","","","","","","","","","","","","","",""
"1","částí","část","5","O","","","","","","Gen","","","","Fem","","","","","","","Plur","","","","","","","","","","","","","","","","","","","","","","","",""
"1","nebyla","být","6","O","","","","","Imp","","","","","Fem,Neut","","","","","","","Plur,Sing","","","Neg","","","","","Past","","Part","Act","","","","","","","","","","","","",""
"1","2","2","7","B-n_","Number expression (General)","","","","","","","","","","","","","","Digit","Card","","","","","","","","","","","","","","","","","","","","","","","","",""
"1","3406","3406","8","I-n_","Number expression (General)","","","","","","","","","","","","","","Digit","Card","","","","","","","","","","","","","","","","","","","","","","","","","No"
"1","/","/","9","I-n_","Number expression (General)","","","","","","","","","","","","","","","","","","","","","","","","","","","","","","","","","","","","","","","","No"
"1","96","96","10","I-n_","Number expression (General)","","","","","","","","","","","","","","Digit","Card","","","","","","","","","","","","","","","","","","","","","","","","",""
"1","hmota","hmota","11","O","","","","","","Nom","","","","Fem","","","","","","","Sing","","","","","","","","","","","","","","","","","","","","","","","",""
"1","zdivá","zdivý","12","O","","","","","","Nom","","Pos","","Fem","","","","","","","Sing","","","Pos","","","","","","","","","","","","","","","","","","","","",""
"1","ukončena","ukončený","13","O","","","","","Perf","","","Pos","","Fem,Neut","","","","","","","Plur,Sing","","","Pos","","","","","","Short","Part","Pass","","","","","","","","","","","","",""
"1","lícem","líc","14","O","","","","Inan","","Ins","","","","Masc","","","","","","","Sing","","","","","","","","","","","","","","","","","","","","","","","","No"
"1",",",",","15","O","","","","","","","","","","","","","","","","","","","","","","","","","","","","","","","","","","","","","","","","",""
"1","pouze","pouze","16","O","","","","","","","","","","","","","","","","","","","","","","","","","","","","","","","","","","","","","","","","",""
"1","v","v","17","O","","","Prep","","","Loc","","","","","","","","","","","","","","","","","","","","","","","","","","","","","","","","","","",""
"1","severní","severní","18","O","","","","","","Loc","","Pos","","Fem","","","","","","","Sing","","","Pos","","","","","","","","","","","","","","","","","","","","",""
"1","zdi","zeď","19","O","","","","","","Loc","","","","Fem","","","","","","","Sing","","","","","","","","","","","","","","","","","","","","","","","",""
"1","stávajícího","stávající","20","O","","","","Inan","","Gen","","Pos","","Masc","","","","","","","Sing","","","Pos","","","","","","","","","","","","","","","","","","","","",""
"1","sklepa","sklep","21","O","","","","Inan","","Gen","","","","Masc","","","","","","","Sing","","","","","","","","","","","","","","","","","","","","","","","",""
"1","byla","být","22","O","","","","","Imp","","","","","Fem,Neut","","","","","","","Plur,Sing","","","Pos","","","","","Past","","Part","Act","","","","","","","","","","","","",""
"1","v","v","23","O","","","Prep","","","Loc","","","","","","","","","","","","","","","","","","","","","","","","","","","","","","","","","","",""
"1","nevelké","velký","24","O","","","","","","Loc","","Pos","","Fem","","","","","","","Sing","","","Neg","","","","","","","","","","","","","","","","","","","","",""
"1","dochované","dochovaný","25","O","","","","","","Loc","","Pos","","Fem","","","","","","","Sing","","","Pos","","","","","","","Part","Pass","","","","","","","","","","","","",""
"1","výšce","výška","26","O","","","","","","Loc","","","","Fem","","","","","","","Sing","","","","","","","","","","","","","","","","","","","","","","","",""
"1","ve","v","27","O","","","Voc","","","Loc","","","","","","","","","","","","","","","","","","","","","","","","","","","","","","","","","","",""
"1","vzdálenosti","vzdálenost","28","O","","","","","","Loc","","","","Fem","","","","","","","Sing","","","","","","","","","","","","","","","","","","","","","","","",""
"1","420","420","29","B-nc","Cardinal number","","","","","","","","","","","","","","Digit","Card","","","","","","","","","","","","","","","","","","","","","","","","",""
"1","cm","centimetr","30","B-oe","Measure unit","Yes","","Inan","","","","","","Masc","","","","","","","","","","","","","","","","","","","","","","","","","","","","","","",""
"1","od","od","31","O","","","Prep","","","Gen","","","","","","","","","","","","","","","","","","","","","","","","","","","","","","","","","","",""
"1","západní","západní","32","O","","","","","","Gen","","Pos","","Fem","","","","","","","Sing","","","Pos","","","","","","","","","","","","","","","","","","","","",""
"1","zdi","zeď","33","O","","","","","","Gen","","","","Fem","","","","","","","Sing","","","","","","","","","","","","","","","","","","","","","","","",""
"1","sklepní","sklepní","34","O","","","","","","Gen","","Pos","","Fem","","","","","","","Sing","","","Pos","","","","","","","","","","","","","","","","","","","","",""
"1","prostory","prostora","35","O","","","","","","Gen","","","","Fem","","","","","","","Sing","","","","","","","","","","","","","","","","","","","","","","","",""
"1","2","2","36","B-nc","Cardinal number","","","","","","","","","","","","","","Digit","Card","","","","","","","","","","","","","","","","","","","","","","","","","No"
"1","jiStěna","jistěný","37","O","","","","","Imp","","","Pos","","Fem,Neut","","","","","","","Plur,Sing","","","Pos","","","","","","Short","Part","Pass","","","","","","","","","","","","",""
"1","spára","spára","38","O","","","","","","Nom","","","","Fem","","","","","","","Sing","","","","","","","","","","","","","","","","","","","","","","","","No"
"1",",",",","39","O","","","","","","","","","","","","","","","","","","","","","","","","","","","","","","","","","","","","","","","","",""
"1","tvořená","tvořený","40","O","","","","","","Nom","","Pos","","Fem","","","","","","","Sing","","","Pos","","","","","","","Part","Pass","","","","","","","","","","","","",""
"1","pískovcovým","pískovcový","41","O","","","","Inan","","Ins","","Pos","","Masc","","","","","","","Sing","","","Pos","","","","","","","","","","","","","","","","","","","","",""
"1","kvádrem","kvádr","42","O","","","","Inan","","Ins","","","","Masc","","","","","","","Sing","","","","","","","","","","","","","","","","","","","","","","","","No"
"1",",",",","43","O","","","","","","","","","","","","","","","","","","","","","","","","","","","","","","","","","","","","","","","","",""
"1","k","k","44","O","","","Prep","","","Dat","","","","","","","","","","","","","","","","","","","","","","","","","","","","","","","","","","",""
"1","němuž","jenž","45","O","","","","","","Dat","","","","Masc,Neut","","","","","","","Sing","","","","","Pre","Rel","","","","","","","","","","","","","","","","","",""
"1","bylo","být","46","O","","","","","Imp","","","","","Neut","","","","","","","Sing","","","Pos","","","","","Past","","Part","Act","","","","","","","","","","","","",""
"1","dalSÍ","dalsí","47","O","","","","","","Nom","","Pos","","Neut","","","","","","","Sing","","","Pos","","","","","","","","","","","","","","","","","","","","",""
"1","pokračování","pokračování","48","O","","","","","","Nom","","","","Neut","","","","","","","Sing","","","","","","","","","","Vnoun","","","","","","","","","","","","","",""
"1","zdi","zeď","49","O","","","","","","Gen","","","","Fem","","","","","","","Sing","","","","","","","","","","","","","","","","","","","","","","","",""
"1","k","k","50","O","","","Prep","","","Dat","","","","","","","","","","","","","","","","","","","","","","","","","","","","","","","","","","",""
"1","východu","východ","51","O","","","","Inan","","Dat","","","","Masc","","","","","","","Sing","","","","","","","","","","","","","","","","","","","","","","","",""
"1","přizděno","přizděný","52","O","","","","","Perf","","","Pos","","Neut","","","","","","","Sing","","","Pos","","","","","","Short","Part","Pass","","","","","","","","","","","","","No"
"1",".",".","53","O","","","","","","","","","","","","","","","","","","","","","","","","","","","","","","","","","","","","","","","","",""
"1","Pokračování","pokračování","1","O","","","","","","Nom","","","","Neut","","","","","","","Sing","","","","","","","","","","Vnoun","","","","","","","","","","","","","",""
"1","pískovcového","pískovcový","2","O","","","","Inan","","Gen","","Pos","","Masc","","","","","","","Sing","","","Pos","","","","","","","","","","","","","","","","","","","","",""
"1","bloku","blok","3","O","","","","Inan","","Gen","","","","Masc","","","","","","","Sing","","","","","","","","","","","","","","","","","","","","","","","",""
"1","směrem","směr","4","O","","","","Inan","","Ins","","","","Masc","","","","","","","Sing","","","","","","","","","","","","","","","","","","","","","","","",""
"1","k","k","5","O","","","Prep","","","Dat","","","","","","","","","","","","","","","","","","","","","","","","","","","","","","","","","","",""
"1","jihu","jih","6","O","","","","Inan","","Dat","","","","Masc","","","","","","","Sing","","","","","","","","","","","","","","","","","","","","","","","",""
"1","do","do","7","O","","","Prep","","","Gen","","","","","","","","","","","","","","","","","","","","","","","","","","","","","","","","","","",""
"1","interiéru","interiér","8","O","","","","Inan","","Gen","","","","Masc","","","","","","","Sing","","","","","","","","","","","","","","","","","","","","","","","",""
"1","sklepa","sklep","9","O","","","","Inan","","Gen","","","","Masc","","","","","","","Sing","","","","","","","","","","","","","","","","","","","","","","","",""
"1","bylo","být","10","O","","","","","Imp","","","","","Neut","","","","","","","Sing","","","Pos","","","","","Past","","Part","Act","","","","","","","","","","","","",""
"1","odlomeno","odlomený","11","O","","","","","Perf","","","Pos","","Neut","","","","","","","Sing","","","Pos","","","","","","Short","Part","Pass","","","","","","","","","","","","",""
"1","a","a","12","O","","","","","","","","","","","","","","","","","","","","","","","","","","","","","","","","","","","","","","","","",""
"1","jeho","jeho","13","O","","","","","","","","","","","Masc,Neut","","","","","","","Sing","3","","Yes","","Prs","","","","","","","","","","","","","","","","","",""
"1","východní","východní","14","O","","","","","","Nom","","Pos","","Fem","","","","","","","Sing","","","Pos","","","","","","","","","","","","","","","","","","","","",""
"1","hrana","hrana","15","O","","","","","","Nom","","","","Fem","","","","","","","Sing","","","","","","","","","","","","","","","","","","","","","","","",""
"1","probíhala","probíhat","16","O","","","","","Imp","","","","","Fem,Neut","","","","","","","Plur,Sing","","","Pos","","","","","Past","","Part","Act","","","","","","","","","","","","",""
"1","v","v","17","O","","","Prep","","","Loc","","","","","","","","","","","","","","","","","","","","","","","","","","","","","","","","","","",""
"1","linii","linie","18","O","","","","","","Loc","","","","Fem","","","","","","","Sing","","","","","","","","","","","","","","","","","","","","","","","",""
"1","kolmé","kolmý","19","O","","","","","","Loc","","Pos","","Fem","","","","","","","Sing","","","Pos","","","","","","","","","","","","","","","","","","","","",""
"1","na","na","20","O","","","Prep","","","Acc","","","","","","","","","","","","","","","","","","","","","","","","","","","","","","","","","","",""
"1","průběh","průběh","21","O","","","","Inan","","Acc","","","","Masc","","","","","","","Sing","","","","","","","","","","","","","","","","","","","","","","","",""
"1","severní","severní","22","O","","","","","","Gen","","Pos","","Fem","","","","","","","Sing","","","Pos","","","","","","","","","","","","","","","","","","","","",""
"1","obvodové","obvodový","23","O","","","","","","Gen","","Pos","","Fem","","","","","","","Sing","","","Pos","","","","","","","","","","","","","","","","","","","","",""
"1","zdi","zeď","24","O","","","","","","Gen","","","","Fem","","","","","","","Sing","","","","","","","","","","","","","","","","","","","","","","","",""
"1","(","(","25","O","","","","","","","","","","","","","","","","","","","","","","","","","","","","","","","","","","","","","","","","","No"
"1","plánek","plánek","26","O","","","","Inan","","Nom","","","","Masc","","","","","","","Sing","","","","","","","","","","","","","","","","","","","","","","","",""
"1","č","číslo","27","O","","Yes","","","","","","","","Neut","","","","","","","","","","","","","","","","","","","","","","","","","","","","","","","No"
"1",".",".","28","O","","","","","","","","","","","","","","","","","","","","","","","","","","","","","","","","","","","","","","","","",""
"1","1","1","29","B-nb","Volu-metric number","","","","","","","","","","","","","","Digit","Card","","","","","","","","","","","","","","","","","","","","","","","","","No"
"1",")",")","30","O","","","","","","","","","","","","","","","","","","","","","","","","","","","","","","","","","","","","","","","","","No"
"1",".",".","31","O","","","","","","","","","","","","","","","","","","","","","","","","","","","","","","","","","","","","","","","","",""
"1","Vyhodnocení","vyhodnocení","1","O","","","","","","Nom","","","","Neut","","","","","","","Sing","","","","","","","","","","Vnoun","","","","","","","","","","","","","",""
"1","nálezu","nález","2","O","","","","Inan","","Gen","","","","Masc","","","","","","","Sing","","","","","","","","","","","","","","","","","","","","","","","",""
"1","Vzhledem","vzhledem","1","O","","","Comprep","","","","","","","","","","","","","","","","","","","","","","","","","","","","","","","","","","","","","",""
"1","k","k","2","O","","","Prep","","","Dat","","","","","","","","","","","","","","","","","","","","","","","","","","","","","","","","","","",""
"1","situování","situování","3","O","","","","","","Dat","","","","Neut","","","","","","","Sing","","","","","","","","","","Vnoun","","","","","","","","","","","","","",""
"1","odkrytého","odkrytý","4","O","","","","","","Gen","","Pos","","Neut","","","","","","","Sing","","","Pos","","","","","","","Part","Pass","","","","","","","","","","","","",""
"1","zdivá","zdivá","5","O","","","","","","Gen","","","","Neut","","","","","","","Sing","","","","","","","","","","","","","","","","","","","","","","","",""
"1","i","i","6","O","","","","","","","","","","","","","","","","","","","","","","","","","","","","","","","","","","","","","","","","",""
"1","k","k","7","O","","","Prep","","","Dat","","","","","","","","","","","","","","","","","","","","","","","","","","","","","","","","","","",""
"1","charakteru","charakter","8","O","","","","Inan","","Dat","","","","Masc","","","","","","","Sing","","","","","","","","","","","","","","","","","","","","","","","",""
"1","jeho","jeho","9","O","","","","","","","","","","","Masc,Neut","","","","","","","Sing","3","","Yes","","Prs","","","","","","","","","","","","","","","","","",""
"1","pískovcového","pískovcový","10","O","","","","Inan","","Gen","","Pos","","Masc","","","","","","","Sing","","","Pos","","","","","","","","","","","","","","","","","","","","",""
"1","obkladu","obklad","11","O","","","","Inan","","Gen","","","","Masc","","","","","","","Sing","","","","","","","","","","","","","","","","","","","","","","","",""
"1","je","být","12","O","","","","","Imp","","","","","","","","Ind","","","","Sing","","3","Pos","","","","","Pres","","Fin","Act","","","","","","","","","","","","",""
"1","samozřejmé","samozřejmý","13","O","","","","","","Nom","","Pos","","Neut","","","","","","","Sing","","","Pos","","","","","","","","","","","","","","","","","","","","",""
"1","uvažovat","uvažovat","14","O","","","","","Imp","","","","","","","","","","","","","","","Pos","","","","","","","Inf","","","","","","","","","","","","","",""
"1","o","o","15","O","","","Prep","","","Loc","","","","","","","","","","","","","","","","","","","","","","","","","","","","","","","","","","",""
"1","příslušnosti","příslušnost","16","O","","","","","","Loc","","","","Fem","","","","","","","Sing","","","","","","","","","","","","","","","","","","","","","","","",""
"1","zjištěného","zjištěný","17","O","","","","","","Gen","","Pos","","Neut","","","","","","","Sing","","","Pos","","","","","","","Part","Pass","","","","","","","","","","","","",""
"1","torza","torzo","18","O","","","","","","Gen","","","","Neut","","","","","","","Sing","","","","","","","","","","","","","","","","","","","","","","","",""
"1","ke","k","19","O","","","Voc","","","Dat","","","","","","","","","","","","","","","","","","","","","","","","","","","","","","","","","","",""
"1","gotickému","gotický","20","O","","","","Inan","","Dat","","Pos","","Masc","","","","","","","Sing","","","Pos","","","","","","","","","","","","","","","","","","","","",""
"1","Karlovu","Karlův","21","B-gs","Super-terrestrial name (Star/Planet)","","","Inan","","Dat","","","","Masc","Masc","","","Giv","","","Sing","","","","Yes","","","","","","","","","","","Yes","","","","","","","","",""
"1","mostu","most","22","I-gs","Super-terrestrial name (Star/Planet)","","","Inan","","Dat","","","","Masc","","","","","","","Sing","","","","","","","","","","","","","","","","","","","","","","","","No"
"1",".",".","23","O","","","","","","","","","","","","","","","","","","","","","","","","","","","","","","","","","","","","","","","","",""
"1","V","v","1","O","","","Prep","","","Acc","","","","","","","","","","","","","","","","","","","","","","","","","","","","","","","","","","",""
"1","úvahu","úvaha","2","O","","","","","","Acc","","","","Fem","","","","","","","Sing","","","","","","","","","","","","","","","","","","","","","","","",""
"1","přichází","přicházet","3","O","","","","","Imp","","","","","","","","Ind","","","","Sing","","3","Pos","","","","","Pres","","Fin","Act","","","","","","","","","","","","",""
"1","již","již","4","O","","","","","","","","","","","","","","","","","","","","","","","","","","","","","","","","","","","","","","","","",""
"1","zmíněná","zmíněný","5","O","","","","","","Nom","","Pos","","Fem","","","","","","","Sing","","","Pos","","","","","","","Part","Pass","","","","","","","","","","","","",""
"1","interpretace","interpretace","6","O","","","","","","Nom","","","","Fem","","","","","","","Sing","","","","","","","","","","","","","","","","","","","","","","","",""
"1","jako","jako","7","O","","","","","","","","","","","","","","","","","","","","","","","","","","","","","","","","","","","","","","","","",""
"1","pozůstatek","pozůstatek","8","O","","","","Inan","","Nom","","","","Masc","","","","","","","Sing","","","","","","","","","","","","","","","","","","","","","","","",""
"1","dalSfho","dalsfho","9","O","","","","Inan","","Gen","","Pos","","Masc","","","","","","","Sing","","","Pos","","","","","","","","","","","","","","","","","","","","",""
"1","pilíře","pilíř","10","O","","","","Inan","","Gen","","","","Masc","","","","","","","Sing","","","","","","","","","","","","","","","","","","","","","","","",""
"1","(","(","11","O","","","","","","","","","","","","","","","","","","","","","","","","","","","","","","","","","","","","","","","","","No"
"1","Muk","Muk","12","B-ps","Surname","","","Anim","","Nom","","","","Masc","","","","Giv","","","Sing","","","","","","","","","","","","","","","","","","","","","","","",""
"1","1988","1988","13","B-ty","Year","","","","","","","","","","","","","","Digit","Card","","","","","","","","","","","","","","","","","","","","","","","","","No"
"1",",",",","14","O","","","","","","","","","","","","","","","","","","","","","","","","","","","","","","","","","","","","","","","","","No"
"1","s","společnost","15","O","","Yes","","","","","","","","Fem","","","","","","","","","","","","","","","","","","","","","","","","","","","","","","","No"
"1",".",".","16","O","","","","","","","","","","","","","","","","","","","","","","","","","","","","","","","","","","","","","","","","",""
"1","27","27","1","B-ni","Itemizer (1.)","","","","","","","","","","","","","","Digit","Card","","","","","","","","","","","","","","","","","","","","","","","","","No"
"1",")",")","2","O","","","","","","","","","","","","","","","","","","","","","","","","","","","","","","","","","","","","","","","","",""
"1","nebo","nebo","3","O","","","","","","","","","","","","","","","","","","","","","","","","","","","","","","","","","","","","","","","","",""
"1","možná","možná","4","O","","","","","","","","","","","","","","","","","","","","","","","","","","","","","","","","","","","","","","","","",""
"1","konstrukce","konstrukce","5","O","","","","","","Nom","","","","Fem","","","","","","","Sing","","","","","","","","","","","","","","","","","","","","","","","",""
"1","zpevněné","zpevněný","6","O","","","","","","Gen","","Pos","","Fem","","","","","","","Sing","","","Pos","","","","","","","Part","Pass","","","","","","","","","","","","",""
"1","nábřežní","nábřežní","7","O","","","","","","Gen","","Pos","","Fem","","","","","","","Sing","","","Pos","","","","","","","","","","","","","","","","","","","","",""
"1","zdi","zeď","8","O","","","","","","Gen","","","","Fem","","","","","","","Sing","","","","","","","","","","","","","","","","","","","","","","","",""
"1","v","v","9","O","","","Prep","","","Loc","","","","","","","","","","","","","","","","","","","","","","","","","","","","","","","","","","",""
"1","partii","partie","10","O","","","","","","Loc","","","","Fem","","","","","","","Sing","","","","","","","","","","","","","","","","","","","","","","","",""
"1","paty","pata","11","O","","","","","","Gen","","","","Fem","","","","","","","Sing","","","","","","","","","","","","","","","","","","","","","","","",""
"1","mostu","most","12","O","","","","Inan","","Gen","","","","Masc","","","","","","","Sing","","","","","","","","","","","","","","","","","","","","","","","","No"
"1",".",".","13","O","","","","","","","","","","","","","","","","","","","","","","","","","","","","","","","","","","","","","","","","",""
"1","Rozsah","rozsah","1","O","","","","Inan","","Nom","","","","Masc","","","","","","","Sing","","","","","","","","","","","","","","","","","","","","","","","",""
"1","a","a","2","O","","","","","","","","","","","","","","","","","","","","","","","","","","","","","","","","","","","","","","","","",""
"1","dispozice","dispozice","3","O","","","","","","Nom","","","","Fem","","","","","","","Sing","","","","","","","","","","","","","","","","","","","","","","","",""
"1","odkrytého","odkrytý","4","O","","","","","","Gen","","Pos","","Neut","","","","","","","Sing","","","Pos","","","","","","","Part","Pass","","","","","","","","","","","","",""
"1","zdivá","zdivo","5","O","","","","","","Gen","","","","Neut","","","","","","","Sing","","","","","","","","","","","","","","","","","","","","","","","",""
"1","jednoznačně","jednoznačně","6","O","","","","","","","","Pos","","","","","","","","","","","","Pos","","","","","","","","","","","","","","","","","","","","",""
"1","hovoří","hovořit","7","O","","","","","Imp","","","","","","","","Ind","","","","Sing","","3","Pos","","","","","Pres","","Fin","Act","","","","","","","","","","","","",""
"1","pro","pro","8","O","","","Prep","","","Acc","","","","","","","","","","","","","","","","","","","","","","","","","","","","","","","","","","",""
"1","prvou","prvý","9","O","","","","","","Acc","","Pos","","Fem","","","","","","","Sing","","","Pos","","","","","","","","","","","","","","","","","","","","",""
"1","variantu","varianta","10","O","","","","","","Acc","","","","Fem","","","","","","","Sing","","","","","","","","","","","","","","","","","","","","","","","",""
"1","výkladu","výklad","11","O","","","","Inan","","Gen","","","","Masc","","","","","","","Sing","","","","","","","","","","","","","","","","","","","","","","","","No"
"1",".",".","12","O","","","","","","","","","","","","","","","","","","","","","","","","","","","","","","","","","","","","","","","","",""
"1","Ve","v","1","O","","","Voc","","","Loc","","","","","","","","","","","","","","","","","","","","","","","","","","","","","","","","","","",""
"1","sklepni","sklepný","2","O","","","","","","Loc","","Pos","","Fem","","","","","","","Sing","","","Pos","","","","","","","","","","","","","","","","","","","","",""
"1","prostoře","prostora","3","O","","","","","","Loc","","","","Fem","","","","","","","Sing","","","","","","","","","","","","","","","","","","","","","","","",""
"1","domu","dům","4","O","","","","Inan","","Gen","","","","Masc","","","","","","","Sing","","","","","","","","","","","","","","","","","","","","","","","",""
"1","zůstala","zůstat","5","O","","","","","Perf","","","","","Fem,Neut","","","","","","","Plur,Sing","","","Pos","","","","","Past","","Part","Act","","","","","","","","","","","","",""
"1","částečně","částečně","6","O","","","","","","","","Pos","","","","","","","","","","","","Pos","","","","","","","","","","","","","","","","","","","","",""
"1","zachovaná","zachovaný","7","O","","","","","","Nom","","Pos","","Fem","","","","","","","Sing","","","Pos","","","","","","","Part","Pass","","","","","","","","","","","","",""
"1","téměř","téměř","8","O","","","","","","","","","","","","","","","","","","","","","","","","","","","","","","","","","","","","","","","","",""
"1","celá","celý","9","O","","","","","","Nom","","Pos","","Fem","","","","","","","Sing","","","Pos","","","","","","","","","","","","","","","","","","","","",""
"1","západní","západní","10","O","","","","","","Nom","","Pos","","Fem","","","","","","","Sing","","","Pos","","","","","","","","","","","","","","","","","","","","",""
"1","líc","líc","11","O","","","","","","Nom","","","","Fem","","","","","","","Sing","","","","","","","","","","","","","","","","","","","","","","","",""
"1","pískovcového","pískovcový","12","O","","","","Inan","","Gen","","Pos","","Masc","","","","","","","Sing","","","Pos","","","","","","","","","","","","","","","","","","","","",""
"1","obkladu","obklad","13","O","","","","Inan","","Gen","","","","Masc","","","","","","","Sing","","","","","","","","","","","","","","","","","","","","","","","",""
"1","jižního","jižní","14","O","","","","Inan","","Gen","","Pos","","Masc","","","","","","","Sing","","","Pos","","","","","","","","","","","","","","","","","","","","",""
"1","zhlavl","zhlavl","15","O","","","","Inan","","Nom","","","","Masc","","","","","","","Sing","","","","","","","","","","","","","","","","","","","","","","","",""
"1","gotického","gotický","16","O","","","","Inan","","Gen","","Pos","","Masc","","","","","","","Sing","","","Pos","","","","","","","","","","","","","","","","","","","","",""
"1","pilíře","pilíř","17","O","","","","Inan","","Gen","","","","Masc","","","","","","","Sing","","","","","","","","","","","","","","","","","","","","","","","","No"
"1",",",",","18","O","","","","","","","","","","","","","","","","","","","","","","","","","","","","","","","","","","","","","","","","",""
"1","jehož","jenž","19","O","","","","","","Gen","","","","Masc,Neut","","","","","","","Sing","","","","","Npr","Rel","","","","","","","","","","","","","","","","","",""
"1","hrot","hrot","20","O","","","","Inan","","Acc","","","","Masc","","","","","","","Sing","","","","","","","","","","","","","","","","","","","","","","","",""
"1","předpokládáme","předpokládat","21","O","","","","","Imp","","","","","","","","Ind","","","","Plur","","1","Pos","","","","","Pres","","Fin","Act","","","","","","","","","","","","",""
"1","v","v","22","O","","","Prep","","","Loc","","","","","","","","","","","","","","","","","","","","","","","","","","","","","","","","","","",""
"1","těsné","těsný","23","O","","","","","","Loc","","Pos","","Fem","","","","","","","Sing","","","Pos","","","","","","","","","","","","","","","","","","","","",""
"1","blízkosti","blízkost","24","O","","","","","","Loc","","","","Fem","","","","","","","Sing","","","","","","","","","","","","","","","","","","","","","","","",""
"1","jižního","jižní","25","O","","","","Inan","","Gen","","Pos","","Masc","","","","","","","Sing","","","Pos","","","","","","","","","","","","","","","","","","","","",""
"1","dochovaného","dochovaný","26","O","","","","Inan","","Gen","","Pos","","Masc","","","","","","","Sing","","","Pos","","","","","","","Part","Pass","","","","","","","","","","","","",""
"1","konce","konec","27","O","","","","Inan","","Gen","","","","Masc","","","","","","","Sing","","","","","","","","","","","","","","","","","","","","","","","",""
"1","zdivá","zdivý","28","O","","","","","","Gen","","Pos","","Fem","","","","","","","Sing","","","Pos","","","","","","","","","","","","","","","","","","","","","No"
"1",".",".","29","O","","","","","","","","","","","","","","","","","","","","","","","","","","","","","","","","","","","","","","","","",""
"1","Opukové","opukový","1","O","","","","","","Nom","","Pos","","Neut","","","","","","","Sing","","","Pos","","","","","","","","","","","","","","","","","","","","",""
"1","jádro","jádro","2","O","","","","","","Nom","","","","Neut","","","","","","","Sing","","","","","","","","","","","","","","","","","","","","","","","",""
"1","zdivá","zdivý","3","O","","","","","","Gen","","Pos","","Fem","","","","","","","Sing","","","Pos","","","","","","","","","","","","","","","","","","","","",""
"1","bylo","být","4","O","","","","","Imp","","","","","Neut","","","","","","","Sing","","","Pos","","","","","Past","","Part","Act","","","","","","","","","","","","",""
"1","zaznamenáno","zaznamenaný","5","O","","","","","Perf","","","Pos","","Neut","","","","","","","Sing","","","Pos","","","","","","Short","Part","Pass","","","","","","","","","","","","",""
"1","i","i","6","O","","","","","","","","","","","","","","","","","","","","","","","","","","","","","","","","","","","","","","","","",""
"1","v","v","7","O","","","Prep","","","Loc","","","","","","","","","","","","","","","","","","","","","","","","","","","","","","","","","","",""
"1","sousední","sousední","8","O","","","","","","Loc","","Pos","","Fem","","","","","","","Sing","","","Pos","","","","","","","","","","","","","","","","","","","","",""
"1","sklepní","sklepní","9","O","","","","","","Loc","","Pos","","Fem","","","","","","","Sing","","","Pos","","","","","","","","","","","","","","","","","","","","",""
"1","prostoře","prostora","10","O","","","","","","Loc","","","","Fem","","","","","","","Sing","","","","","","","","","","","","","","","","","","","","","","","","No"
"1",",",",","11","O","","","","","","","","","","","","","","","","","","","","","","","","","","","","","","","","","","","","","","","","",""
"1","kde","kde","12","O","","","","","","","","","","","","","","","","","","","","","","","Int,Rel","","","","","","","","","","","","","","","","","",""
"1","se","se","13","O","","","","","","Acc","","","","","","","","","","","","","","","","","Prs","Yes","","Short","","","","","","","","","","","","","","",""
"1","již","již","14","O","","","","","","","","","","","","","","","","","","","","","","","","","","","","","","","","","","","","","","","","",""
"1","pískovcový","pískovcový","15","O","","","","Inan","","Nom","","Pos","","Masc","","","","","","","Sing","","","Pos","","","","","","","","","","","","","","","","","","","","",""
"1","obklad","obklad","16","O","","","","Inan","","Nom","","","","Masc","","","","","","","Sing","","","","","","","","","","","","","","","","","","","","","","","",""
"1","nedochoval","dochovat","17","O","","","","","Perf","","","","","Masc","","","","","","","Sing","","","Neg","","","","","Past","","Part","Act","","","","","","","","","","","","",""
"1","(","(","18","O","","","","","","","","","","","","","","","","","","","","","","","","","","","","","","","","","","","","","","","","","No"
"1","plánek","plánek","19","O","","","","Inan","","Nom","","","","Masc","","","","","","","Sing","","","","","","","","","","","","","","","","","","","","","","","",""
"1","č","číslo","20","O","","Yes","","","","","","","","Neut","","","","","","","","","","","","","","","","","","","","","","","","","","","","","","","No"
"1",".",".","21","O","","","","","","","","","","","","","","","","","","","","","","","","","","","","","","","","","","","","","","","","",""
"1","2","2","22","B-nb","Volu-metric number","","","","","","","","","","","","","","Digit","Card","","","","","","","","","","","","","","","","","","","","","","","","","No"
"1",")",")","23","O","","","","","","","","","","","","","","","","","","","","","","","","","","","","","","","","","","","","","","","","","No"
"1",".",".","24","O","","","","","","","","","","","","","","","","","","","","","","","","","","","","","","","","","","","","","","","","",""
"1","Je","být","1","O","","","","","Imp","","","","","","","","Ind","","","","Sing","","3","Pos","","","","","Pres","","Fin","Act","","","","","","","","","","","","",""
"1","pravděpodobné","pravděpodobný","2","O","","","","","","Nom","","Pos","","Neut","","","","","","","Sing","","","Pos","","","","","","","","","","","","","","","","","","","","","No"
"1",".",".","3","O","","","","","","","","","","","","","","","","","","","","","","","","","","","","","","","","","","","","","","","","",""
"1","Že","že","1","O","","","","","","","","","","","","","","","","","","","","","","","","","","","","","","","","","","","","","","","","",""
"1","jako","jako","2","O","","","","","","","","","","","","","","","","","","","","","","","","","","","","","","","","","","","","","","","","",""
"1","velmi","velmi","3","O","","","","","","","","","","","","","","","","","","","","","","","","","","","","","","","","","","","","","","","","",""
"1","kvalitní","kvalitní","4","O","","","","Inan","","Nom","","Pos","","Masc","","","","","","","Sing","","","Pos","","","","","","","","","","","","","","","","","","","","",""
"1","stavební","stavební","5","O","","","","Inan","","Nom","","Pos","","Masc","","","","","","","Sing","","","Pos","","","","","","","","","","","","","","","","","","","","",""
"1","materiál","materiál","6","O","","","","Inan","","Nom","","","","Masc","","","","","","","Sing","","","","","","","","","","","","","","","","","","","","","","","",""
"1","byl","být","7","O","","","","","Imp","","","","","Masc","","","","","","","Sing","","","Pos","","","","","Past","","Part","Act","","","","","","","","","","","","",""
"1","použit","použitý","8","O","","","","","Perf","","","Pos","","Masc","","","","","","","Sing","","","Pos","","","","","","Short","Part","Pass","","","","","","","","","","","","",""
"1","při","při","9","O","","","Prep","","","Loc","","","","","","","","","","","","","","","","","","","","","","","","","","","","","","","","","","",""
"1","stavbě","stavba","10","O","","","","","","Loc","","","","Fem","","","","","","","Sing","","","","","","","","","","","","","","","","","","","","","","","",""
"1","domu","dům","11","O","","","","Inan","","Gen","","","","Masc","","","","","","","Sing","","","","","","","","","","","","","","","","","","","","","","","",""
"1","čp","čp","12","O","","Yes","","","","","","","","Neut","","","","","","","","","","","","","","","","","","","","","","","","","","","","","","","No"
"1",".",".","13","O","","","","","","","","","","","","","","","","","","","","","","","","","","","","","","","","","","","","","","","","",""
"1","193","193","14","B-n_","Number expression (General)","","","","","","","","","","","","","","Digit","Card","","","","","","","","","","","","","","","","","","","","","","","","",""
"1","a","a","15","O","","","","","","","","","","","","","","","","","","","","","","","","","","","","","","","","","","","","","","","","",""
"1","je","být","16","O","","","","","Imp","","","","","","","","Ind","","","","Sing","","3","Pos","","","","","Pres","","Fin","Act","","","","","","","","","","","","",""
"1","s","s","17","O","","","Prep","","","Ins","","","","","","","","","","","","","","","","","","","","","","","","","","","","","","","","","","",""
"1","podivem","podiv","18","O","","","","Inan","","Ins","","","","Masc","","","","","","","Sing","","","","","","","","","","","","","","","","","","","","","","","","No"
"1",",",",","19","O","","","","","","","","","","","","","","","","","","","","","","","","","","","","","","","","","","","","","","","","",""
"1","že","že","20","O","","","","","","","","","","","","","","","","","","","","","","","","","","","","","","","","","","","","","","","","",""
"1","na","na","21","O","","","Prep","","","Loc","","","","","","","","","","","","","","","","","","","","","","","","","","","","","","","","","","",""
"1","druhé","druhý","22","O","","","","","","Loc","","","","Fem","","","","","","Ord","Sing","","","","","","","","","","","","","","","","","","","","","","","",""
"1","straně","strana","23","O","","","","","","Loc","","","","Fem","","","","","","","Sing","","","","","","","","","","","","","","","","","","","","","","","",""
"1","zhlaví","zhlaví","24","O","","","","","","Nom","","","","Neut","","","","","","","Sing","","","","","","","","","","","","","","","","","","","","","","","",""
"1","přečkal","přečkat","25","O","","","","","Perf","","","","","Masc","","","","","","","Sing","","","Pos","","","","","Past","","Part","Act","","","","","","","","","","","","",""
"1","období","období","26","O","","","","","","Acc","","","","Neut","","","","","","","Sing","","","","","","","","","","","","","","","","","","","","","","","",""
"1","výstavby","výstavba","27","O","","","","","","Gen","","","","Fem","","","","","","","Sing","","","","","","","","","","","","","","","","","","","","","","","",""
"1","stávajícího","stávající","28","O","","","","Inan","","Gen","","Pos","","Masc","","","","","","","Sing","","","Pos","","","","","","","","","","","","","","","","","","","","",""
"1","objektu","objekt","29","O","","","","Inan","","Gen","","","","Masc","","","","","","","Sing","","","","","","","","","","","","","","","","","","","","","","","",""
"1","ve","v","30","O","","","Voc","","","Loc","","","","","","","","","","","","","","","","","","","","","","","","","","","","","","","","","","",""
"1","2","2","31","B-no","Ordinal number","","","","","","","","","","","","","","Digit","Card","","","","","","","","","","","","","","","","","","","","","","","","","No"
"1",".",".","32","I-no","Ordinal number","","","","","","","","","","","","","","","","","","","","","","","","","","","","","","","","","","","","","","","",""
"1","polovině","polovina","33","O","","","","","","Loc","","","","Fem","","","","","","","Sing","","","","","","","","","","","","","","","","","","","","","","","",""
"1","16","16","34","B-no","Ordinal number","","","","","","","","","","","","","","Digit","Card","","","","","","","","","","","","","","","","","","","","","","","","","No"
"1",".",".","35","I-no","Ordinal number","","","","","","","","","","","","","","","","","","","","","","","","","","","","","","","","","","","","","","","",""
"1","nebo","nebo","36","O","","","","","","","","","","","","","","","","","","","","","","","","","","","","","","","","","","","","","","","","",""
"1","na","na","37","O","","","Prep","","","Loc","","","","","","","","","","","","","","","","","","","","","","","","","","","","","","","","","","",""
"1","počátku","počátek","38","O","","","","Inan","","Loc","","","","Masc","","","","","","","Sing","","","","","","","","","","","","","","","","","","","","","","","",""
"1","17","17","39","B-no","Ordinal number","","","","","","","","","","","","","","Digit","Card","","","","","","","","","","","","","","","","","","","","","","","","","No"
"1",".",".","40","I-no","Ordinal number","","","","","","","","","","","","","","","","","","","","","","","","","","","","","","","","","","","","","","","",""
"1","století","století","41","O","","","","","","Gen","","","","Neut","","","","","","","Sing","","","","","","","","","","","","","","","","","","","","","","","",""
"1","(","(","42","O","","","","","","","","","","","","","","","","","","","","","","","","","","","","","","","","","","","","","","","","","No"
"1","Muk","Muk","43","B-ps","Surname","","","Anim","","Nom","","","","Masc","","","","Giv","","","Sing","","","","","","","","","","","","","","","","","","","","","","","",""
"1","1988","1988","44","B-ty","Year","","","","","","","","","","","","","","Digit","Card","","","","","","","","","","","","","","","","","","","","","","","","","No"
"1",",",",","45","O","","","","","","","","","","","","","","","","","","","","","","","","","","","","","","","","","","","","","","","","",""
"1","s.27","s.27","46","O","","","","","","","","","","","","","","","Digit","Card","","","","","","","","","","","","","","","","","","","","","","","","","No"
"1",")",")","47","O","","","","","","","","","","","","","","","","","","","","","","","","","","","","","","","","","","","","","","","","","No"
"1",".",".","48","O","","","","","","","","","","","","","","","","","","","","","","","","","","","","","","","","","","","","","","","","",""
"1","Pískovcový","pískovcový","1","O","","","","Inan","","Nom","","Pos","","Masc","","","","","","","Sing","","","Pos","","","","","","","","","","","","","","","","","","","","",""
"1","kvádr","kvádr","2","O","","","","Inan","","Nom","","","","Masc","","","","","","","Sing","","","","","","","","","","","","","","","","","","","","","","","","No"
"1",",",",","3","O","","","","","","","","","","","","","","","","","","","","","","","","","","","","","","","","","","","","","","","","",""
"1","zjištěný","zjištěný","4","O","","","","Inan","","Nom","","Pos","","Masc","","","","","","","Sing","","","Pos","","","","","","","Part","Pass","","","","","","","","","","","","",""
"1","v","v","5","O","","","Prep","","","Loc","","","","","","","","","","","","","","","","","","","","","","","","","","","","","","","","","","",""
"1","severní","severní","6","O","","","","","","Loc","","Pos","","Fem","","","","","","","Sing","","","Pos","","","","","","","","","","","","","","","","","","","","",""
"1","obvodové","obvodový","7","O","","","","","","Loc","","Pos","","Fem","","","","","","","Sing","","","Pos","","","","","","","","","","","","","","","","","","","","",""
"1","stěně","stěna","8","O","","","","","","Loc","","","","Fem","","","","","","","Sing","","","","","","","","","","","","","","","","","","","","","","","",""
"1","sklepa","sklep","9","O","","","","Inan","","Gen","","","","Masc","","","","","","","Sing","","","","","","","","","","","","","","","","","","","","","","","","No"
"1",",",",","10","O","","","","","","","","","","","","","","","","","","","","","","","","","","","","","","","","","","","","","","","","",""
"1","by","být","11","O","","","","","Imp","","","","","","","","Cnd","","","","","","","","","","","","","","Fin","","","","","","","","","","","","","",""
"1","mohl","moci","12","O","","","","","Imp","","","","","Masc","","","","","","","Sing","","","Pos","","","","","Past","","Part","Act","","","","","","","","","","","","",""
"1","vzhledem","vzhledem","13","O","","","Comprep","","","","","","","","","","","","","","","","","","","","","","","","","","","","","","","","","","","","","",""
"1","k","k","14","O","","","Prep","","","Dat","","","","","","","","","","","","","","","","","","","","","","","","","","","","","","","","","","",""
"1","linii","linie","15","O","","","","","","Dat","","","","Fem","","","","","","","Sing","","","","","","","","","","","","","","","","","","","","","","","",""
"1","své","svůj","16","O","","","","","","Gen","","","","Fem","","","","","","","Sing","","","","Yes","","Prs","Yes","","","","","","","","","","","","","","","","",""
"1","vnější","vnější","17","O","","","","","","Gen","","Pos","","Fem","","","","","","","Sing","","","Pos","","","","","","","","","","","","","","","","","","","","",""
"1","líce","líce","18","O","","","","","","Gen","","","","Fem","","","","","","","Sing","","","","","","","","","","","","","","","","","","","","","","","",""
"1","náležet","náležet","19","O","","","","","Imp","","","","","","","","","","","","","","","Pos","","","","","","","Inf","","","","","","","","","","","","","",""
"1","již","již","20","O","","","","","","","","","","","","","","","","","","","","","","","","","","","","","","","","","","","","","","","","",""
"1","k","k","21","O","","","Prep","","","Dat","","","","","","","","","","","","","","","","","","","","","","","","","","","","","","","","","","",""
"1","vlastnímu","vlastní","22","O","","","","","","Dat","","Pos","","Neut","","","","","","","Sing","","","Pos","","","","","","","","","","","","","","","","","","","","",""
"1","tělu","tělo","23","O","","","","","","Dat","","","","Neut","","","","","","","Sing","","","","","","","","","","","","","","","","","","","","","","","",""
"1","pilíře","pilíř","24","O","","","","Inan","","Gen","","","","Masc","","","","","","","Sing","","","","","","","","","","","","","","","","","","","","","","","",""
"1","a","a","25","O","","","","","","","","","","","","","","","","","","","","","","","","","","","","","","","","","","","","","","","","",""
"1","nikoliv","nikoliv","26","O","","","","","","","","","","","","","","","","","","","","","","","","","","","","","","","","","","","","","","","","",""
"1","k","k","27","O","","","Prep","","","Dat","","","","","","","","","","","","","","","","","","","","","","","","","","","","","","","","","","",""
"1","jeho","jeho","28","O","","","","","","","","","","","Masc,Neut","","","","","","","Sing","3","","Yes","","Prs","","","","","","","","","","","","","","","","","",""
"1","jižnímu","jižní","29","O","","","","","","Dat","","Pos","","Neut","","","","","","","Sing","","","Pos","","","","","","","","","","","","","","","","","","","","",""
"1","zhlaví","zhlaví","30","O","","","","","","Dat","","","","Neut","","","","","","","Sing","","","","","","","","","","","","","","","","","","","","","","","","No"
"1",".",".","31","O","","","","","","","","","","","","","","","","","","","","","","","","","","","","","","","","","","","","","","","","",""
"1","Niveleta","niveleta","1","O","","","","","","Nom","","","","Fem","","","","","","","Sing","","","","","","","","","","","","","","","","","","","","","","","",""
"1","koruny","koruna","2","O","","","","","","Gen","","","","Fem","","","","","","","Sing","","","","","","","","","","","","","","","","","","","","","","","",""
"1","dochovaného","dochovaný","3","O","","","","","","Gen","","Pos","","Neut","","","","","","","Sing","","","Pos","","","","","","","Part","Pass","","","","","","","","","","","","",""
"1","zdivá","zdivý","4","O","","","","","","Nom","","Pos","","Fem","","","","","","","Sing","","","Pos","","","","","","","","","","","","","","","","","","","","",""
"1","(","(","5","O","","","","","","","","","","","","","","","","","","","","","","","","","","","","","","","","","","","","","","","","","No"
"1","188","188","6","B-nc","Cardinal number","","","","","","","","","","","","","","Digit","Card","","","","","","","","","","","","","","","","","","","","","","","","","No"
"1",",",",","7","O","","","","","","","","","","","","","","","","","","","","","","","","","","","","","","","","","","","","","","","","","No"
"1","9","9","8","B-nc","Cardinal number","","","","","","","","","","","","","","Digit","Card","","","","","","","","","","","","","","","","","","","","","","","","",""
"1","m","metr","9","B-oe","Measure unit","Yes","","Inan","","","","","","Masc","","","","","","","","","","","","","","","","","","","","","","","","","","","","","","","No"
"1",")",")","10","O","","","","","","","","","","","","","","","","","","","","","","","","","","","","","","","","","","","","","","","","",""
"1","odpovídá","odpovídat","11","O","","","","","Imp","","","","","","","","Ind","","","","Sing","","3","Pos","","","","","Pres","","Fin","Act","","","","","","","","","","","","",""
"1","horní","horní","12","O","","","","","","Dat","","Pos","","Fem","","","","","","","Sing","","","Pos","","","","","","","","","","","","","","","","","","","","","No"
"1",",",",","13","O","","","","","","","","","","","","","","","","","","","","","","","","","","","","","","","","","","","","","","","","",""
"1","ústupkem","ústupek","14","O","","","","Inan","","Ins","","","","Masc","","","","","","","Sing","","","","","","","","","","","","","","","","","","","","","","","",""
"1","an*","an*","15","O","","","","","","","","","Yes","","","","","","","","","","","","","","","","","","","","","","","","","","","","","","","","No"
"1","ené","ené","16","O","","","","","","","","","Yes","","","","","","","","","","","","","","","","","","","","","","","","","","","","","","","",""
"1","parti","part","17","O","","","","","","Gen","","","","Fem","","","","","","","Sing","","","","","","","","","","","","","","","","","","","","","","","","No"
"1","1","1","18","B-nb","Volu-metric number","","","","","","","","","","","","","","Digit","Card","","","","","","","","","","","","","","","","","","","","","","","","",""
"1","3","3","19","I-nb","Volu-metric number","","","","","","","","","","","","","","Digit","Card","","","","","","","","","","","","","","","","","","","","","","","","",""
"1","3406","3406","20","B-n_","Number expression (General)","","","","","","","","","","","","","","Digit","Card","","","","","","","","","","","","","","","","","","","","","","","","","No"
"1","/","/","21","I-n_","Number expression (General)","","","","","","","","","","","","","","","","","","","","","","","","","","","","","","","","","","","","","","","","No"
"1","45","45","22","I-n_","Number expression (General)","","","","","","","","","","","","","","Digit","Card","","","","","","","","","","","","","","","","","","","","","","","","",""
"1","zhlaví","zhlaví","23","O","","","","","","Gen","","","","Neut","","","","","","","Sing","","","","","","","","","","","","","","","","","","","","","","","",""
"1","pilíře","pilíř","24","O","","","","Inan","","Gen","","","","Masc","","","","","","","Sing","","","","","","","","","","","","","","","","","","","","","","","","No"
"1",".",".","25","O","","","","","","","","","","","","","","","","","","","","","","","","","","","","","","","","","","","","","","","","",""
"1","Nasazení","nasazení","1","O","","","","","","Nom","","","","Neut","","","","","","","Sing","","","","","","","","","","Vnoun","","","","","","","","","","","","","",""
"1","spodní","spodní","2","O","","","","","","Gen","","Pos","","Fem","","","","","","","Sing","","","Pos","","","","","","","","","","","","","","","","","","","","",""
"1","cca","cirka","3","O","","Yes","","","","","","","","","","","","","","","","","","","","","","","","","","","","","","","","","","","","","","",""
"1","o","o","4","O","","","Prep","","","Acc","","","","","","","","","","","","","","","","","","","","","","","","","","","","","","","","","","",""
"1","65","65","5","B-nc","Cardinal number","","","","","","","","","","","","","","Digit","Card","","","","","","","","","","","","","","","","","","","","","","","","",""
"1","cm","centimetr","6","B-oe","Measure unit","Yes","","Inan","","","","","","Masc","","","","","","","","","","","","","","","","","","","","","","","","","","","","","","",""
"1","roze","roze","7","O","","","","","","","","Pos","","","","","","","","","","","","Pos","","","","","","","","","","","","","","","","","","","","",""
"1","f","f","8","O","","Yes","","","","","","","","","","","","","","","","","","","","","","","","","","","","","","","","","","","","","","",""
"1","řené","řený","9","O","","","","","","Gen","","Pos","","Fem","","","","","","","Sing","","","Pos","","","","","","","Part","Pass","","","","","","","","","","","","",""
"1","části","část","10","O","","","","","","Gen","","","","Fem","","","","","","","Sing","","","","","","","","","","","","","","","","","","","","","","","",""
"1","u","u","11","O","","","Prep","","","Gen","","","","","","","","","","","","","","","","","","","","","","","","","","","","","","","","","","",""
"1","následujících","následující","12","O","","","","Inan","Imp","Gen","","","","Masc","","","","","","","Plur","","","Pos","","","","","Pres","","Part","Act","","","","","","","","","","","","",""
"1","dvou","dva","13","O","","","","","","Gen","","","","","","","","","Word","Card","Plur","","","","","","","","","","","","","","","","","","","","","","","",""
"1","pilířů","pilíř","14","O","","","","Inan","","Gen","","","","Masc","","","","","","","Plur","","","","","","","","","","","","","","","","","","","","","","","",""
"1","mostu","most","15","O","","","","Inan","","Gen","","","","Masc","","","","","","","Sing","","","","","","","","","","","","","","","","","","","","","","","",""
"1","se","se","16","O","","","","","","Acc","","","","","","","","","","","","","","","","","Prs","Yes","","Short","","","","","","","","","","","","","","",""
"1","nachází","nacházet","17","O","","","","","Imp","","","","","","","","Ind","","","","Sing","","3","Pos","","","","","Pres","","Fin","Act","","","","","","","","","","","","",""
"1","v","v","18","O","","","Prep","","","Loc","","","","","","","","","","","","","","","","","","","","","","","","","","","","","","","","","","",""
"1","úrovni","úroveň","19","O","","","","","","Loc","","","","Fem","","","","","","","Sing","","","","","","","","","","","","","","","","","","","","","","","",""
"1","186","186","20","B-n_","Number expression (General)","","","","","","","","","","","","","","Digit","Card","","","","","","","","","","","","","","","","","","","","","","","","","No"
"1",",",",","21","O","","","","","","","","","","","","","","","","","","","","","","","","","","","","","","","","","","","","","","","","","No"
"1","1","1","22","B-n_","Number expression (General)","","","","","","","","","","","","","","Digit","Card","","","","","","","","","","","","","","","","","","","","","","","","",""
"1","-","-","23","O","","","","","","","","","","","","","","","","","","","","","","","","","","","","","","","","","","","","","","","","",""
"1","186","186","24","B-n_","Number expression (General)","","","","","","","","","","","","","","Digit","Card","","","","","","","","","","","","","","","","","","","","","","","","","No"
"1",",",",","25","O","","","","","","","","","","","","","","","","","","","","","","","","","","","","","","","","","","","","","","","","","No"
"1","2","2","26","B-n_","Number expression (General)","","","","","","","","","","","","","","Digit","Card","","","","","","","","","","","","","","","","","","","","","","","","",""
"1","■","■","27","O","","","","","","","","","","","","","","","","","","","","","","","","","","","","","","","","","","","","","","","","",""
"1","n","n","28","O","","Yes","","","","","","","","","","","","","","","","","","","","","","","","","","","","","","","","","","","","","","","No"
"1",".",".","29","O","","","","","","","","","","","","","","","","","","","","","","","","","","","","","","","","","","","","","","","","",""
"1","m","metr","30","B-oe","Measure unit","Yes","","Inan","","","","","","Masc","","","","","","","","","","","","","","","","","","","","","","","","","","","","","","","No"
"1",".",".","31","O","","","","","","","","","","","","","","","","","","","","","","","","","","","","","","","","","","","","","","","","","No"
"1","a","a","1","O","","","","","","","","","","","","","","","","","","","","","","","","","","","","","","","","","","","","","","","","",""
"1","přechod","přechod","2","O","","","","Inan","","Acc","","","","Masc","","","","","","","Sing","","","","","","","","","","","","","","","","","","","","","","","",""
"1","ve","v","3","O","","","Voc","","","Loc","","","","","","","","","","","","","","","","","","","","","","","","","","","","","","","","","","",""
"1","střechoví","střechoví","4","O","","","","","","Loc","","","","Neut","","","","","","","Sing","","","","","","","","","","","","","","","","","","","","","","","",""
"1","té","ten","5","O","","","","","","Acc","","","","Neut","","","","","","","Sing","","","","","","Dem","","","","","","","","","","","","","","","","","",""
"1","vertikální","vertikální","6","O","","","","","","Acc","","Pos","","Neut","","","","","","","Sing","","","Pos","","","","","","","","","","","","","","","","","","","","",""
"1","ukončení","ukončení","7","O","","","","","","Acc","","","","Neut","","","","","","","Sing","","","","","","","","","","Vnoun","","","","","","","","","","","","","",""
"1","zhlaví","zhlaví","8","O","","","","","","Gen","","","","Neut","","","","","","","Sing","","","","","","","","","","","","","","","","","","","","","","","",""
"1","evidujeme","evidovat","9","O","","","","","Imp","","","","","","","","Ind","","","","Plur","","1","Pos","","","","","Pres","","Fin","Act","","","","","","","","","","","","",""
"1","ve","v","10","O","","","Voc","","","Loc","","","","","","","","","","","","","","","","","","","","","","","","","","","","","","","","","","",""
"1","výšce","výška","11","O","","","","","","Loc","","","","Fem","","","","","","","Sing","","","","","","","","","","","","","","","","","","","","","","","",""
"1","cca","cirka","12","O","","Yes","","","","","","","","","","","","","","","","","","","","","","","","","","","","","","","","","","","","","","",""
"1","192","192","13","B-nc","Cardinal number","","","","","","","","","","","","","","Digit","Card","","","","","","","","","","","","","","","","","","","","","","","","","No"
"1",",",",","14","O","","","","","","","","","","","","","","","","","","","","","","","","","","","","","","","","","","","","","","","","","No"
"1","8","8","15","B-nc","Cardinal number","","","","","","","","","","","","","","Digit","Card","","","","","","","","","","","","","","","","","","","","","","","","",""
"1","•","•","16","O","","","","","","","","","","","","","","","","","","","","","","","","","","","","","","","","","","","","","","","","",""
"1","n","n","17","O","","Yes","","","","","","","","","","","","","","","","","","","","","","","","","","","","","","","","","","","","","","","No"
"1",".",".","18","O","","","","","","","","","","","","","","","","","","","","","","","","","","","","","","","","","","","","","","","","",""
"1","e","e","19","O","","Yes","","","","","","","","","","","","","","","","","","","","","","","","","","","","","","","","","","","","","","","No"
"1",".",".","20","O","","","","","","","","","","","","","","","","","","","","","","","","","","","","","","","","","","","","","","","","",""
"1","Rozpon","rozpon","1","O","","","","Inan","","Nom","","","","Masc","","","","","","","Sing","","","","","","","","","","","","","","","","","","","","","","","",""
"1","oblouku","oblouk","2","O","","","","Inan","","Gen","","","","Masc","","","","","","","Sing","","","","","","","","","","","","","","","","","","","","","","","",""
"1","mezi","mezi","3","O","","","Prep","","","Ins","","","","","","","","","","","","","","","","","","","","","","","","","","","","","","","","","","",""
"1","tímto","tento","4","O","","","","","","Ins","","","","Masc,Neut","","","","","","","Sing","","","","","","Dem","","","","","","","","","","","","","","","","","",""
"1","pil","pil","5","O","","","","","","","","","Yes","","","","","","","","","","","","","","","","","","","","","","","","","","","","","","","",""
"1","I","I","6","O","","","","","","","","","Yes","","","","","","","","","","","","","","","","","","","","","","","","","","","","","","","",""
"1","řem","řem","7","O","","","","","","","","","Yes","","","","","","","","","","","","","","","","","","","","","","","","","","","","","","","",""
"1","a","a","8","O","","","","","","","","","","","","","","","","","","","","","","","","","","","","","","","","","","","","","","","","",""
"1","pi","pi","9","O","","Yes","","","","","","","","","","","","","","","","","","","","","","","","","","","","","","","","","","","","","","",""
"1","1","1","10","O","","","","","","","","","","","","","","","Digit","Card","","","","","","","","","","","","","","","","","","","","","","","","","No"
"1","ířem","íř","11","O","","","","Inan","","Ins","","","","Masc","","","","","","","Sing","","","","","","","","","","","","","","","","","","","","","","","",""
"1","nesoucím","nesoucí","12","O","","","","Inan","Imp","Ins","","","","Masc","","","","","","","Sing","","","Pos","","","","","Pres","","Part","Act","","","","","","","","","","","","",""
"1","Staroměstskou","staroměstský","13","B-oa","Cultural artifact (Book/Painting)","","","","","Acc","","Pos","","Fem","","","","","","","Sing","","","Pos","","","","","","","","","","","","","","","","","","","","",""
"1","mosteckou","mostecký","14","I-oa","Cultural artifact (Book/Painting)","","","","","Acc","","Pos","","Fem","","","","","","","Sing","","","Pos","","","","","","","","","","","","","","","","","","","","",""
"1","věž","věž","15","I-oa","Cultural artifact (Book/Painting)","","","","","Acc","","","","Fem","","","","","","","Sing","","","","","","","","","","","","","","","","","","","","","","","",""
"1","by","být","16","O","","","","","Imp","","","","","","","","Cnd","","","","","","","","","","","","","","Fin","","","","","","","","","","","","","",""
"1","činí","činit","17","O","","","","","Imp","","","","","","","","Ind","","","","Sing","","3","Pos","","","","","Pres","","Fin","Act","","","","","","","","","","","","",""
"1","1","1","18","B-nc","Cardinal number","","","","","","","","","","","","","","Digit","Card","","","","","","","","","","","","","","","","","","","","","","","","",""
"1","zhruba","zhruba","19","O","","","","","","","","","","","","","","","","","","","","","","","","","","","","","","","","","","","","","","","","",""
"1","19","19","20","B-nc","Cardinal number","","","","","","","","","","","","","","Digit","Card","","","","","","","","","","","","","","","","","","","","","","","","",""
"1","m","metr","21","B-oe","Measure unit","Yes","","Inan","","","","","","Masc","","","","","","","","","","","","","","","","","","","","","","","","","","","","","","","No"
"1",".",".","22","O","","","","","","","","","","","","","","","","","","","","","","","","","","","","","","","","","","","","","","","","",""
"1","Vzdálenost","vzdálenost","1","O","","","","","","Nom","","","","Fem","","","","","","","Sing","","","","","","","","","","","","","","","","","","","","","","","",""
"1","mezi","mezi","2","O","","","Prep","","","Ins","","","","","","","","","","","","","","","","","","","","","","","","","","","","","","","","","","",""
"1","následujícími","následující","3","O","","","","Inan","Imp","Ins","","","","Masc","","","","","","","Plur","","","Pos","","","","","Pres","","Part","Act","","","","","","","","","","","","",""
"1","pilíři","pilíř","4","O","","","","Inan","","Ins","","","","Masc","","","","","","","Plur","","","","","","","","","","","","","","","","","","","","","","","",""
"1","ve","v","5","O","","","Voc","","","Loc","","","","","","","","","","","","","","","","","","","","","","","","","","","","","","","","","","",""
"1","vltavském","vltavský","6","O","","","","","","Loc","","Pos","","Neut","","","","","","","Sing","","","Pos","","","","","","","","","","","","","","","","","","","","",""
"1","řečišti","řečiště","7","O","","","","","","Loc","","","","Neut","","","","","","","Sing","","","","","","","","","","","","","","","","","","","","","","","",""
"1","kolísá","kolísat","8","O","","","","","Imp","","","","","","","","Ind","","","","Sing","","3","Pos","","","","","Pres","","Fin","Act","","","","","","","","","","","","",""
"1","zhruba","zhruba","9","O","","","","","","","","","","","","","","","","","","","","","","","","","","","","","","","","","","","","","","","","",""
"1","mezi","mezi","10","O","","","Prep","","","Ins","","","","","","","","","","","","","","","","","","","","","","","","","","","","","","","","","","",""
"1","20","20","11","B-nc","Cardinal number","","","","","","","","","","","","","","Digit","Card","","","","","","","","","","","","","","","","","","","","","","","","","No"
"1",",",",","12","O","","","","","","","","","","","","","","","","","","","","","","","","","","","","","","","","","","","","","","","","","No"
"1","5","5","13","O","","","","","","","","","","","","","","","Digit","Card","","","","","","","","","","","","","","","","","","","","","","","","",""
"1","až","až","14","O","","","","","","","","","","","","","","","","","","","","","","","","","","","","","","","","","","","","","","","","",""
"1","22","22","15","B-nc","Cardinal number","","","","","","","","","","","","","","Digit","Card","","","","","","","","","","","","","","","","","","","","","","","","",""
"1","m","metr","16","B-oe","Measure unit","Yes","","Inan","","","","","","Masc","","","","","","","","","","","","","","","","","","","","","","","","","","","","","","","No"
"1",".",".","17","O","","","","","","","","","","","","","","","","","","","","","","","","","","","","","","","","","","","","","","","","",""
"1","Menší","malý","1","O","","","","Inan","","Acc","","Cmp","","Masc","","","","","","","Sing","","","Pos","","","","","","","","","","","","","","","","","","","","",""
"1","rozpon","rozpon","2","O","","","","Inan","","Acc","","","","Masc","","","","","","","Sing","","","","","","","","","","","","","","","","","","","","","","","",""
"1","oblouku","oblouk","3","O","","","","Inan","","Gen","","","","Masc","","","","","","","Sing","","","","","","","","","","","","","","","","","","","","","","","",""
"1","u","u","4","O","","","Prep","","","Gen","","","","","","","","","","","","","","","","","","","","","","","","","","","","","","","","","","",""
"1","břehu","břeh","5","O","","","","Inan","","Gen","","","","Masc","","","","","","","Sing","","","","","","","","","","","","","","","","","","","","","","","",""
"1","nepovažujeme","považovat","6","O","","","","","Imp","","","","","","","","Ind","","","","Plur","","1","Neg","","","","","Pres","","Fin","Act","","","","","","","","","","","","",""
"1","za","za","7","O","","","Prep","","","Acc","","","","","","","","","","","","","","","","","","","","","","","","","","","","","","","","","","",""
"1","výjimečný","výjimečný","8","O","","","","Inan","","Acc","","Pos","","Masc","","","","","","","Sing","","","Pos","","","","","","","","","","","","","","","","","","","","",""
"1","zjev","zjev","9","O","","","","Inan","","Acc","","","","Masc","","","","","","","Sing","","","","","","","","","","","","","","","","","","","","","","","","No"
"1",".",".","10","O","","","","","","","","","","","","","","","","","","","","","","","","","","","","","","","","","","","","","","","","",""
"1","Provedenou","provedený","1","O","","","","","","Ins","","Pos","","Fem","","","","","","","Sing","","","Pos","","","","","","","Part","Pass","","","","","","","","","","","","",""
"1","dokumentací","dokumentace","2","O","","","","","","Ins","","","","Fem","","","","","","","Sing","","","","","","","","","","","","","","","","","","","","","","","",""
"1","tak","tak","3","O","","","","","","","","","","","","","","","","","","","","","","","Dem","","","","","","","","","","","","","","","","","",""
"1","byla","být","4","O","","","","","Imp","","","","","Fem,Neut","","","","","","","Plur,Sing","","","Pos","","","","","Past","","Part","Act","","","","","","","","","","","","",""
"1","potvrzena","potvrzený","5","O","","","","","Perf","","","Pos","","Fem,Neut","","","","","","","Plur,Sing","","","Pos","","","","","","Short","Part","Pass","","","","","","","","","","","","",""
"1","existence","existence","6","O","","","","","","Nom","","","","Fem","","","","","","","Sing","","","","","","","","","","","","","","","","","","","","","","","",""
"1","donedávna","donedávna","7","O","","","","","","","","","","","","","","","","","","","","","","","","","","","","","","","","","","","","","","","","",""
"1","neznámého","známý","8","O","","","","Inan","","Gen","","Pos","","Masc","","","","","","","Sing","","","Neg","","","","","","","","","","","","","","","","","","","","",""
"1","pilíře","pilíř","9","O","","","","Inan","","Gen","","","","Masc","","","","","","","Sing","","","","","","","","","","","","","","","","","","","","","","","",""
"1","Karlova","Karlův","10","B-gs","Super-terrestrial name (Star/Planet)","","","Inan","","Gen","","","","Masc","Masc","","","Giv","","","Sing","","","","Yes","","","","","","","","","","","Yes","","","","","","","","",""
"1","mostu","most","11","I-gs","Super-terrestrial name (Star/Planet)","","","Inan","","Gen","","","","Masc","","","","","","","Sing","","","","","","","","","","","","","","","","","","","","","","","","No"
"1",".",".","12","O","","","","","","","","","","","","","","","","","","","","","","","","","","","","","","","","","","","","","","","","",""
"1","Přesné","přesný","1","O","","","","","","Nom","","Pos","","Neut","","","","","","","Sing","","","Pos","","","","","","","","","","","","","","","","","","","","",""
"1","situování","situování","2","O","","","","","","Nom","","","","Neut","","","","","","","Sing","","","","","","","","","","Vnoun","","","","","","","","","","","","","",""
"1","stabilizovaného","stabilizovaný","3","O","","","","Inan","","Gen","","Pos","","Masc","","","","","","","Sing","","","Pos","","","","","","","Part","Pass","","","","","","","","","","","","",""
"1","pravého","pravý","4","O","","","","Inan","","Gen","","Pos","","Masc","","","","","","","Sing","","","Pos","","","","","","","","","","","","","","","","","","","","",""
"1","břehu","břeh","5","O","","","","Inan","","Gen","","","","Masc","","","","","","","Sing","","","","","","","","","","","","","","","","","","","","","","","",""
"1","Vltavy","Vltava","6","B-gh","Hydronym (Bodies of water)","","","","","Gen","","","","Fem","","","","Geo","","","Sing","","","","","","","","","","","","","","","","","","","","","","","",""
"1","zůstává","zůstávat","7","O","","","","","Imp","","","","","","","","Ind","","","","Sing","","3","Pos","","","","","Pres","","Fin","Act","","","","","","","","","","","","",""
"1","otázkou","otázka","8","O","","","","","","Ins","","","","Fem","","","","","","","Sing","","","","","","","","","","","","","","","","","","","","","","","","No"
"1",".",".","9","O","","","","","","","","","","","","","","","","","","","","","","","","","","","","","","","","","","","","","","","","",""
"1","Je","být","1","O","","","","","Imp","","","","","","","","Ind","","","","Sing","","3","Pos","","","","","Pres","","Fin","Act","","","","","","","","","","","","",""
"1","třeba","třeba","2","O","","","","","","","","","","","","","","","","","","","","","","","","","","","","","","","","","","","","","","","","",""
"1","jej","on","3","O","","","","","","Acc","","","","Masc,Neut","","","","","","","Sing","","3","","","Npr","Prs","","","","","","","","","","","","","","","","","",""
"1","předpokládat","předpokládat","4","O","","","","","Imp","","","","","","","","","","","","","","","Pos","","","","","","","Inf","","","","","","","","","","","","","",""
"1","v","v","5","O","","","Prep","","","Loc","","","","","","","","","","","","","","","","","","","","","","","","","","","","","","","","","","",""
"1","těsném","těsný","6","O","","","","","","Loc","","Pos","","Neut","","","","","","","Sing","","","Pos","","","","","","","","","","","","","","","","","","","","",""
"1","východním","východní","7","O","","","","","","Loc","","Pos","","Neut","","","","","","","Sing","","","Pos","","","","","","","","","","","","","","","","","","","","",""
"1","sousedství","sousedství","8","O","","","","","","Loc","","","","Neut","","","","","","","Sing","","","","","","","","","","","","","","","","","","","","","","","",""
"1","zjištěného","zjištěný","9","O","","","","Inan","","Gen","","Pos","","Masc","","","","","","","Sing","","","Pos","","","","","","","Part","Pass","","","","","","","","","","","","",""
"1","pilíře","pilíř","10","O","","","","Inan","","Gen","","","","Masc","","","","","","","Sing","","","","","","","","","","","","","","","","","","","","","","","","No"
"1",",",",","11","O","","","","","","","","","","","","","","","","","","","","","","","","","","","","","","","","","","","","","","","","",""
"1","protože","protože","12","O","","","","","","","","","","","","","","","","","","","","","","","","","","","","","","","","","","","","","","","","",""
"1","pozůstatky","pozůstatek","13","O","","","","Inan","","Nom","","","","Masc","","","","","","","Plur","","","","","","","","","","","","","","","","","","","","","","","",""
"1","románské","románský","14","O","","","","","","Gen","","Pos","","Fem","","","","","","","Sing","","","Pos","","","","","","","","","","","","","","","","","","","","",""
"1","(","(","15","O","","","","","","","","","","","","","","","","","","","","","","","","","","","","","","","","","","","","","","","","","No"
"1","kvádříkový","kvádříkový","16","O","","","","Inan","","Nom","","Pos","","Masc","","","","","","","Sing","","","Pos","","","","","","","","","","","","","","","","","","","","",""
"1","dům","dům","17","O","","","","Inan","","Nom","","","","Masc","","","","","","","Sing","","","","","","","","","","","","","","","","","","","","","","","",""
"1","v","v","18","O","","","Prep","","","Loc","","","","","","","","","","","","","","","","","","","","","","","","","","","","","","","","","","",""
"1","Colloredo","Colloredo","19","B-oa","Cultural artifact (Book/Painting)","","","","","","","Pos","","","","Yes","","","","","","","","Pos","","","","","","","","","","","","","","","","","","","","",""
"1","-","-","20","I-oa","Cultural artifact (Book/Painting)","","","","","","","","","","","","","","","","","","","","","","","","","","","","","","","","","","","","","","","",""
"1","Mannsfeldském","mannsfeldský","21","I-oa","Cultural artifact (Book/Painting)","","","Inan","","Loc","","Pos","","Masc","","","","","","","Sing","","","Pos","","","","","","","","","","","","","","","","","","","","",""
"1","paláci","palác","22","I-oa","Cultural artifact (Book/Painting)","","","Inan","","Loc","","","","Masc","","","","","","","Sing","","","","","","","","","","","","","","","","","","","","","","","",""
"1","čp","čp","23","O","","Yes","","","","","","","","Neut","","","","","","","","","","","","","","","","","","","","","","","","","","","","","","","No"
"1",".",".","24","O","","","","","","","","","","","","","","","","","","","","","","","","","","","","","","","","","","","","","","","","",""
"1","189","189","25","B-n_","Number expression (General)","","","","","","","","","","","","","","Digit","Card","","","","","","","","","","","","","","","","","","","","","","","","","No"
"1","/","/","26","I-n_","Number expression (General)","","","","","","","","","","","","","","","","","","","","","","","","","","","","","","","","","","","","","","","","No"
"1","1","1","27","I-n_","Number expression (General)","","","","","","","","","","","","","","Digit","Card","","","","","","","","","","","","","","","","","","","","","","","","","No"
"1",")",")","28","O","","","","","","","","","","","","","","","","","","","","","","","","","","","","","","","","","","","","","","","","",""
"1","a","a","29","O","","","","","","","","","","","","","","","","","","","","","","","","","","","","","","","","","","","","","","","","",""
"1","raně","raně","30","O","","","","","","","","Pos","","","","","","","","","","","","Pos","","","","","","","","","","","","","","","","","","","","",""
"1","gotické","gotický","31","O","","","","","","Gen","","Pos","","Fem","","","","","","","Sing","","","Pos","","","","","","","","","","","","","","","","","","","","",""
"1","zástavby","zástavba","32","O","","","","","","Gen","","","","Fem","","","","","","","Sing","","","","","","","","","","","","","","","","","","","","","","","",""
"1","(","(","33","O","","","","","","","","","","","","","","","","","","","","","","","","","","","","","","","","","","","","","","","","","No"
"1","křižovnícký","křižovnícký","34","O","","","","Inan","","Nom","","Pos","","Masc","","","","","","","Sing","","","Pos","","","","","","","","","","","","","","","","","","","","",""
"1","kostel","kostel","35","O","","","","Inan","","Nom","","","","Masc","","","","","","","Sing","","","","","","","","","","","","","","","","","","","","","","","",""
"1","sv","svatý","36","B-oa","Cultural artifact (Book/Painting)","Yes","","","","","","Pos","","","","","","","","","","","","Pos","","","","","","","","","","","","","","","","","","","","","No"
"1",".",".","37","I-oa","Cultural artifact (Book/Painting)","","","","","","","","","","","","","","","","","","","","","","","","","","","","","","","","","","","","","","","",""
"1","Františka","František","38","I-oa","Cultural artifact (Book/Painting)","","","Anim","","Gen","","","","Masc","","","","Giv","","","Sing","","","","","","","","","","","","","","","Yes","","","","","","","","","No"
"1",")",")","39","O","","","","","","","","","","","","","","","","","","","","","","","","","","","","","","","","","","","","","","","","",""
"1","jsou","být","40","O","","","","","Imp","","","","","","","","Ind","","","","Plur","","3","Pos","","","","","Pres","","Fin","Act","","","","","","","","","","","","",""
"1","v","v","41","O","","","Prep","","","Loc","","","","","","","","","","","","","","","","","","","","","","","","","","","","","","","","","","",""
"1","bezprostřední","bezprostřední","42","O","","","","","","Loc","","Pos","","Fem","","","","","","","Sing","","","Pos","","","","","","","","","","","","","","","","","","","","",""
"1","blízkosti","blízkost","43","O","","","","","","Loc","","","","Fem","","","","","","","Sing","","","","","","","","","","","","","","","","","","","","","","","","No"
"1",".",".","44","O","","","","","","","","","","","","","","","","","","","","","","","","","","","","","","","","","","","","","","","","",""
"1","Literatura","literatura","1","O","","","","","","Nom","","","","Fem","","","","","","","Sing","","","","","","","","","","","","","","","","","","","","","","","",""
"1","840","840","2","O","","","","","","","","","","","","","","","Digit","Card","","","","","","","","","","","","","","","","","","","","","","","","","No"
"1",".",".","3","O","","","","","","","","","","","","","","","","","","","","","","","","","","","","","","","","","","","","","","","","","No"
"1","/","/","4","O","","","","","","","","","","","","","","","","","","","","","","","","","","","","","","","","","","","","","","","","","No"
"1","46","46","5","O","","","","","","","","","","","","","","","Digit","Card","","","","","","","","","","","","","","","","","","","","","","","","",""
"1","Muk","Muk","6","B-ps","Surname","","","Anim","","Nom","","","","Masc","","","","Giv","","","Sing","","","","","","","","","","","","","","","","","","","","","","","",""
"1","Jan","Jan","7","I-ps","Surname","","","Anim","","Nom","","","","Masc","","","","Giv","","","Sing","","","","","","","","","","","","","","","","","","","","","","","",""
"1","1988","1988","8","B-ty","Year","","","","","","","","","","","","","","Digit","Card","","","","","","","","","","","","","","","","","","","","","","","","","No"
"1",",",",","9","O","","","","","","","","","","","","","","","","","","","","","","","","","","","","","","","","","","","","","","","","",""
"1","Stavební","stavební","10","B-oa","Cultural artifact (Book/Painting)","","","","","Nom","","Pos","","Fem","","","","","","","Sing","","","Pos","","","","","","","","","","","","","","","","","","","","",""
"1","historie","historie","11","I-oa","Cultural artifact (Book/Painting)","","","","","Nom","","","","Fem","","","","","","","Sing","","","","","","","","","","","","","","","","","","","","","","","","No"
"1",",",",","12","O","","","","","","","","","","","","","","","","","","","","","","","","","","","","","","","","","","","","","","","","",""
"1","in","in","13","O","","","","","","","","","Yes","","","","","","","","","","","","","","","","","","","","","","","","","","","","","","","","No"
"1",":",":","14","O","","","","","","","","","","","","","","","","","","","","","","","","","","","","","","","","","","","","","","","","",""
"1","Pasport","pasport","15","B-oa","Cultural artifact (Book/Painting)","","","Inan","","Nom","","","","Masc","","","","","","","Sing","","","","","","","","","","","","","","","","","","","","","","","",""
"1","domu","dům","16","I-oa","Cultural artifact (Book/Painting)","","","Inan","","Gen","","","","Masc","","","","","","","Sing","","","","","","","","","","","","","","","","","","","","","","","",""
"1","p","podnik","17","I-oa","Cultural artifact (Book/Painting)","Yes","","Inan","","","","","","Masc","","","","","","","","","","","","","","","","","","","","","","","","","","","","","","","No"
"1",".",".","18","I-oa","Cultural artifact (Book/Painting)","","","","","","","","","","","","","","","","","","","","","","","","","","","","","","","","","","","","","","","",""
"1","193","193","19","I-oa","Cultural artifact (Book/Painting)","","","","","","","","","","","","","","Digit","Card","","","","","","","","","","","","","","","Yes","","","","","","","","","","No"
"1","/","/","20","I-oa","Cultural artifact (Book/Painting)","","","","","","","","","","","","","","","","","","","","","","","","","","","","","","","","","","","","","","","","No"
"1","1","1","21","I-oa","Cultural artifact (Book/Painting)","","","","","","","","","","","","","","Digit","Card","","","","","","","","","","","","","","","","","","","","","","","","","No"
"1",".",".","22","O","","","","","","","","","","","","","","","","","","","","","","","","","","","","","","","","","","","","","","","","",""
"1","SÚRPMO","SÚRPMO","1","O","","Yes","","","","","","","","","","","","","","","","","","","","","","","","","","","","","","","","","","","","","","",""
"1","Praha","Praha","2","B-gu","Settlement name (City/Town)","","","","","Nom","","","","Fem","","","","Geo","","","Sing","","","","","","","","","","","","","","","","","","","","","","","","No"
"1",".",".","3","O","","","","","","","","","","","","","","","","","","","","","","","","","","","","","","","","","","","","","","","","",""
"1","Vilímková","Vilímková","1","B-ps","Surname","","","","","Nom","","","","Fem","","","","Giv","","","Sing","","","","","","","","","","","","","","","","","","","","","","","",""
"1","Milada","Milada","2","B-pf","First name","","","","","Nom","","","","Fem","","","","Giv","","","Sing","","","","","","","","","","","","","","","","","","","","","","","",""
"1","-","-","3","O","","","","","","","","","","","","","","","","","","","","","","","","","","","","","","","","","","","","","","","","",""
"1","Ebel","Ebel","1","B-P","Complex personal names","","","Anim","","Nom","","","","Masc","","","","Giv","","","Sing","","","","","","","","","","","","","","","Yes","","","","","","","","",""
"1","Martin","Martin","2","I-P","Complex personal names","","","Anim","","Nom","","","","Masc","","","","Giv","","","Sing","","","","","","","","","","","","","","","","Yes","","","","","","","",""
"1","1988","1988","3","B-ty","Year","","","","","","","","","","","","","","Digit","Card","","","","","","","","","","","","","","","","","","","","","","","","","No"
"1",",",",","4","O","","","","","","","","","","","","","","","","","","","","","","","","","","","","","","","","","","","","","","","","",""
"1","Stručné","stručný","5","B-oa","Cultural artifact (Book/Painting)","","","","","Nom","","Pos","","Fem","","","","","","","Plur","","","Pos","","","","","","","","","","","","","","","","","","","","",""
"1","dějiny","dějiny","6","I-oa","Cultural artifact (Book/Painting)","","","","","Nom","","","","Fem","","","","","","","Plur","","","","","","","","","","","","","","","","","","","","","","","",""
"1","budovy","budova","7","I-oa","Cultural artifact (Book/Painting)","","","","","Gen","","","","Fem","","","","","","","Sing","","","","","","","","","","","","","","","","","","","","","","","","No"
"1",",",",","8","O","","","","","","","","","","","","","","","","","","","","","","","","","","","","","","","","","","","","","","","","",""
"1","in","in","9","O","","","","","","","","","Yes","","","","","","","","","","","","","","","","","","","","","","","","","","","","","","","","No"
"1",":",":","10","O","","","","","","","","","","","","","","","","","","","","","","","","","","","","","","","","","","","","","","","","",""
"1","Pasport","pasport","11","B-oa","Cultural artifact (Book/Painting)","","","Inan","","Nom","","","","Masc","","","","","","","Sing","","","","","","","","","","","","","","","","","","","","","","","",""
"1","domu","dům","12","I-oa","Cultural artifact (Book/Painting)","","","Inan","","Gen","","","","Masc","","","","","","","Sing","","","","","","","","","","","","","","","","","","","","","","","",""
"1","čp","čp","13","I-oa","Cultural artifact (Book/Painting)","Yes","","","","","","","","Neut","","","","","","","","","","","","","","","","","","","","","","","","","","","","","","","No"
"1",".",".","14","I-oa","Cultural artifact (Book/Painting)","","","","","","","","","","","","","","","","","","","","","","","","","","","","","","","","","","","","","","","",""
"1","193","193","15","I-oa","Cultural artifact (Book/Painting)","","","","","","","","","","","","","","Digit","Card","","","","","","","","","","","","","","","Yes","","","","","","","","","","No"
"1","/","/","16","I-oa","Cultural artifact (Book/Painting)","","","","","","","","","","","","","","","","","","","","","","","","","","","","","","","","","","","","","","","","No"
"1","1","1","17","I-oa","Cultural artifact (Book/Painting)","","","","","","","","","","","","","","Digit","Card","","","","","","","","","","","","","","","","","","","","","","","","","No"
"1",".",".","18","O","","","","","","","","","","","","","","","","","","","","","","","","","","","","","","","","","","","","","","","","",""
"1","SÚRPMO","SÚRPMO","1","O","","Yes","","","","","","","","","","","","","","","","","","","","","","","","","","","","","","","","","","","","","","",""
"1","Praha","Praha","2","B-gu","Settlement name (City/Town)","","","","","Nom","","","","Fem","","","","Geo","","","Sing","","","","","","","","","","","","","","","","","","","","","","","","No"
"1",".",".","3","O","","","","","","","","","","","","","","","","","","","","","","","","","","","","","","","","","","","","","","","","",""
"1","Popis","popis","1","O","","","","Inan","","Nom","","","","Masc","","","","","","","Sing","","","","","","","","","","","","","","","","","","","","","","","",""
"1","fotografií","fotografie","2","O","","","","","","Gen","","","","Fem","","","","","","","Plur","","","","","","","","","","","","","","","","","","","","","","","",""
"1","Foto","foto","3","O","","","","","","Nom","","","","Neut","","","","","","","Sing","","","","","","","","","","","","","","","","","","","","","","","",""
"1","1","1","4","B-n_","Number expression (General)","","","","","","","","","","","","","","Digit","Card","","","","","","","","","","","","","","","","","","","","","","","","","No"
"1",".",".","5","O","","","","","","","","","","","","","","","","","","","","","","","","","","","","","","","","","","","","","","","","",""
"1","Odhalená","odhalený","1","O","","","","","","Nom","","Pos","","Fem","","","","","","","Sing","","","Pos","","","","","","","Part","Pass","","","","","","","","","","","","",""
"1","líc","líc","2","O","","","","","","Nom","","","","Fem","","","","","","","Sing","","","","","","","","","","","","","","","","","","","","","","","",""
"1","pískovcového","pískovcový","3","O","","","","Inan","","Gen","","Pos","","Masc","","","","","","","Sing","","","Pos","","","","","","","","","","","","","","","","","","","","",""
"1","obkladu","obklad","4","O","","","","Inan","","Gen","","","","Masc","","","","","","","Sing","","","","","","","","","","","","","","","","","","","","","","","",""
"1","pilíře","pilíř","5","O","","","","Inan","","Gen","","","","Masc","","","","","","","Sing","","","","","","","","","","","","","","","","","","","","","","","","No"
"1",".",".","6","O","","","","","","","","","","","","","","","","","","","","","","","","","","","","","","","","","","","","","","","","",""
"1","Vlevo","vlevo","1","O","","","","","","","","","","","","","","","","","","","","","","","","","","","","","","","","","","","","","","","","",""
"1","nevelký","velký","2","O","","","","Inan","","Nom","","Pos","","Masc","","","","","","","Sing","","","Neg","","","","","","","","","","","","","","","","","","","","",""
"1","úsek","úsek","3","O","","","","Inan","","Nom","","","","Masc","","","","","","","Sing","","","","","","","","","","","","","","","","","","","","","","","",""
"1","dochovaných","dochovaný","4","O","","","","Inan","","Gen","","Pos","","Masc","","","","","","","Plur","","","Pos","","","","","","","Part","Pass","","","","","","","","","","","","",""
"1","čtyř","čtyři","5","O","","","","","","Gen","","","","","","","","","Word","Card","Plur","","","","","","","","","","","","","","","","","","","","","","","",""
"1","řádků","řádek","6","O","","","","Inan","","Gen","","","","Masc","","","","","","","Plur","","","","","","","","","","","","","","","","","","","","","","","","No"
"1",".",".","7","O","","","","","","","","","","","","","","","","","","","","","","","","","","","","","","","","","","","","","","","","",""
"1","Pohled","pohled","1","O","","","","Inan","","Nom","","","","Masc","","","","","","","Sing","","","","","","","","","","","","","","","","","","","","","","","",""
"1","od","od","2","O","","","Prep","","","Gen","","","","","","","","","","","","","","","","","","","","","","","","","","","","","","","","","","",""
"1","jihozápadu","jihozápad","3","O","","","","Inan","","Gen","","","","Masc","","","","","","","Sing","","","","","","","","","","","","","","","","","","","","","","","","No"
"1",".",".","4","O","","","","","","","","","","","","","","","","","","","","","","","","","","","","","","","","","","","","","","","","",""
"1","Archiv","archiv","1","O","","","","Inan","","Nom","","","","Masc","","","","","","","Sing","","","","","","","","","","","","","","","","","","","","","","","",""
"1","PÚPP","PÚPP","2","B-A","Complex Address/Number/Time","Yes","","","","","","","","","","","","","","","","","","","","","","","","","","","","Yes","","","","","","","","","","","No"
"1",",",",","3","I-A","Complex Address/Number/Time","","","","","","","","","","","","","","","","","","","","","","","","","","","","","","","","","","","","","","","",""
"1","č","číslo","4","I-A","Complex Address/Number/Time","Yes","","","","","","","","Neut","","","","","","","","","","","","","","","","","","","","","","","","","","","","","","","No"
"1",".",".","5","I-A","Complex Address/Number/Time","","","","","","","","","","","","","","","","","","","","","","","","","","","","","","","","","","","","","","","",""
"1","fot","fot","6","I-A","Complex Address/Number/Time","Yes","","","","","","","","Fem","","","","","","","","","","","","","","","","","","","","","","","","","","","","","","","No"
"1",".",".","7","I-A","Complex Address/Number/Time","","","","","","","","","","","","","","","","","","","","","","","","","","","","","","","","","","","","","","","",""
"1","56","56","8","I-A","Complex Address/Number/Time","","","","","","","","","","","","","","Digit","Card","","","","","","","","","","","","","Yes","","","","","","","","","","","",""
"1","814","814","9","I-A","Complex Address/Number/Time","","","","","","","","","","","","","","Digit","Card","","","","","","","","","","","","","","","","","","","","","Yes","","","","No"
"1",".",".","10","O","","","","","","","","","","","","","","","","","","","","","","","","","","","","","","","","","","","","","","","","",""
"1","Foto","foto","1","O","","","","","","Nom","","","","Neut","","","","","","","Sing","","","","","","","","","","","","","","","","","","","","","","","",""
"1","K","K","2","B-P","Complex personal names","Yes","","","","","","","","","","","","","","","","","","","","","","","","","","","","","","Yes","","","","","","","","","No"
"1",".",".","3","I-P","Complex personal names","","","","","","","","","","","","","","","","","","","","","","","","","","","","","","","","","","","","","Yes","","",""
"1","Fink","Fink","4","I-P","Complex personal names","","","Anim","","Nom","","","","Masc","","","","Giv","","","Sing","","","","","","","","","","","","","","","","Yes","","","","","","","","No"
"1",".",".","5","O","","","","","","","","","","","","","","","","","","","","","","","","","","","","","","","","","","","","","","","","",""
"1","Foto","foto","1","O","","","","","","Nom","","","","Neut","","","","","","","Sing","","","","","","","","","","","","","","","","","","","","","","","",""
"1","2","2","2","B-ni","Itemizer (1.)","","","","","","","","","","","","","","Digit","Card","","","","","","","","","","","","","","","","","","","","","","","","","No"
"1",".",".","3","O","","","","","","","","","","","","","","","","","","","","","","","","","","","","","","","","","","","","","","","","",""
"1","Střední","střední","1","O","","","","","","Nom","","Pos","","Fem","","","","","","","Sing","","","Pos","","","","","","","","","","","","","","","","","","","","",""
"1","partie","partie","2","O","","","","","","Nom","","","","Fem","","","","","","","Sing","","","","","","","","","","","","","","","","","","","","","","","",""
"1","odkryté","odkrytý","3","O","","","","","","Gen","","Pos","","Fem","","","","","","","Sing","","","Pos","","","","","","","Part","Pass","","","","","","","","","","","","",""
"1","líce","líce","4","O","","","","","","Gen","","","","Fem","","","","","","","Sing","","","","","","","","","","","","","","","","","","","","","","","",""
"1","pískovcového","pískovcový","5","O","","","","Inan","","Gen","","Pos","","Masc","","","","","","","Sing","","","Pos","","","","","","","","","","","","","","","","","","","","",""
"1","obkladu","obklad","6","O","","","","Inan","","Gen","","","","Masc","","","","","","","Sing","","","","","","","","","","","","","","","","","","","","","","","",""
"1","pilíře","pilíř","7","O","","","","Inan","","Gen","","","","Masc","","","","","","","Sing","","","","","","","","","","","","","","","","","","","","","","","",""
"1","s","s","8","O","","","Prep","","","Ins","","","","","","","","","","","","","","","","","","","","","","","","","","","","","","","","","","",""
"1","důlky","důlek","9","O","","","","Inan","","Ins","","","","Masc","","","","","","","Plur","","","","","","","","","","","","","","","","","","","","","","","",""
"1","pro","pro","10","O","","","Prep","","","Acc","","","","","","","","","","","","","","","","","","","","","","","","","","","","","","","","","","",""
"1","uchycení","uchycení","11","O","","","","","","Acc","","","","Neut","","","","","","","Sing","","","","","","","","","","Vnoun","","","","","","","","","","","","","",""
"1","kvádrů","kvádr","12","O","","","","Inan","","Gen","","","","Masc","","","","","","","Plur","","","","","","","","","","","","","","","","","","","","","","","",""
"1","do","do","13","O","","","Prep","","","Gen","","","","","","","","","","","","","","","","","","","","","","","","","","","","","","","","","","",""
"1","zednických","zednický","14","O","","","","","","Gen","","Pos","","Fem","","","","","","","Plur","","","Pos","","","","","","","","","","","","","","","","","","","","",""
"1","kleští","kleště","15","O","","","","","","Gen","","","","Fem","","","","","","","Plur","","","","","","","","","","","","","","","","","","","","","","","","No"
"1",".",".","16","O","","","","","","","","","","","","","","","","","","","","","","","","","","","","","","","","","","","","","","","","",""
"1","Pohled","pohled","1","O","","","","Inan","","Nom","","","","Masc","","","","","","","Sing","","","","","","","","","","","","","","","","","","","","","","","",""
"1","od","od","2","O","","","Prep","","","Gen","","","","","","","","","","","","","","","","","","","","","","","","","","","","","","","","","","",""
"1","západu","západ","3","O","","","","Inan","","Gen","","","","Masc","","","","","","","Sing","","","","","","","","","","","","","","","","","","","","","","","","No"
"1",".",".","4","O","","","","","","","","","","","","","","","","","","","","","","","","","","","","","","","","","","","","","","","","",""
"1","Archiv","archiv","1","O","","","","Inan","","Nom","","","","Masc","","","","","","","Sing","","","","","","","","","","","","","","","","","","","","","","","",""
"1","PÚPP","PÚPP","2","B-A","Complex Address/Number/Time","Yes","","","","","","","","","","","","","","","","","","","","","","","","","","","","Yes","","","","","","","","","","","No"
"1",",",",","3","I-A","Complex Address/Number/Time","","","","","","","","","","","","","","","","","","","","","","","","","","","","","","","","","","","","","","","",""
"1","č","číslo","4","I-A","Complex Address/Number/Time","Yes","","","","","","","","Neut","","","","","","","","","","","","","","","","","","","","","","","","","","","","","","","No"
"1",".",".","5","I-A","Complex Address/Number/Time","","","","","","","","","","","","","","","","","","","","","","","","","","","","","","","","","","","","","","","",""
"1","fot","fot","6","I-A","Complex Address/Number/Time","Yes","","","","","","","","Fem","","","","","","","","","","","","","","","","","","","","","","","","","","","","","","","No"
"1",".",".","7","I-A","Complex Address/Number/Time","","","","","","","","","","","","","","","","","","","","","","","","","","","","","","","","","","","","","","","",""
"1","56","56","8","I-A","Complex Address/Number/Time","","","","","","","","","","","","","","Digit","Card","","","","","","","","","","","","","Yes","","","","","","","","","","","",""
"1","815","815","9","I-A","Complex Address/Number/Time","","","","","","","","","","","","","","Digit","Card","","","","","","","","","","","","","","","","","","","","","Yes","","","","No"
"1",".",".","10","O","","","","","","","","","","","","","","","","","","","","","","","","","","","","","","","","","","","","","","","","",""
"1","Foto","foto","1","O","","","","","","Nom","","","","Neut","","","","","","","Sing","","","","","","","","","","","","","","","","","","","","","","","",""
"1","K","K","2","B-P","Complex personal names","Yes","","","","","","","","","","","","","","","","","","","","","","","","","","","","","","Yes","","","","","","","","","No"
"1",".",".","3","I-P","Complex personal names","","","","","","","","","","","","","","","","","","","","","","","","","","","","","","","","","","","","","Yes","","",""
"1","Fink","Fink","4","I-P","Complex personal names","","","Anim","","Nom","","","","Masc","","","","Giv","","","Sing","","","","","","","","","","","","","","","","Yes","","","","","","","","No"
"1",".",".","5","O","","","","","","","","","","","","","","","","","","","","","","","","","","","","","","","","","","","","","","","","",""
"1","Foto","foto","1","O","","","","","","Nom","","","","Neut","","","","","","","Sing","","","","","","","","","","","","","","","","","","","","","","","",""
"1","3","3","2","B-n_","Number expression (General)","","","","","","","","","","","","","","Digit","Card","","","","","","","","","","","","","","","","","","","","","","","","","No"
"1",".",".","3","O","","","","","","","","","","","","","","","","","","","","","","","","","","","","","","","","","","","","","","","","",""
"1","Detail","detail","1","O","","","","Inan","","Nom","","","","Masc","","","","","","","Sing","","","","","","","","","","","","","","","","","","","","","","","",""
"1","odhaleného","odhalený","2","O","","","","Inan","","Gen","","Pos","","Masc","","","","","","","Sing","","","Pos","","","","","","","Part","Pass","","","","","","","","","","","","",""
"1","líce","líc","3","O","","","","Inan","","Gen","","","","Masc","","","","","","","Sing","","","","","","","","","","","","","","","","","","","","","","","",""
"1","pískovcového","pískovcový","4","O","","","","Inan","","Gen","","Pos","","Masc","","","","","","","Sing","","","Pos","","","","","","","","","","","","","","","","","","","","",""
"1","obkladu","obklad","5","O","","","","Inan","","Gen","","","","Masc","","","","","","","Sing","","","","","","","","","","","","","","","","","","","","","","","",""
"1","pilíře","pilíř","6","O","","","","Inan","","Gen","","","","Masc","","","","","","","Sing","","","","","","","","","","","","","","","","","","","","","","","",""
"1","s","s","7","O","","","Prep","","","Ins","","","","","","","","","","","","","","","","","","","","","","","","","","","","","","","","","","",""
"1","rozetřenou","rozetřený","8","O","","","","","","Ins","","Pos","","Fem","","","","","","","Sing","","","Pos","","","","","","","Part","Pass","","","","","","","","","","","","",""
"1","maltou","malta","9","O","","","","","","Ins","","","","Fem","","","","","","","Sing","","","","","","","","","","","","","","","","","","","","","","","",""
"1","spár","spára","10","O","","","","","","Gen","","","","Fem","","","","","","","Plur","","","","","","","","","","","","","","","","","","","","","","","","No"
"1",".",".","11","O","","","","","","","","","","","","","","","","","","","","","","","","","","","","","","","","","","","","","","","","",""
"1","Pohled","pohled","1","O","","","","Inan","","Nom","","","","Masc","","","","","","","Sing","","","","","","","","","","","","","","","","","","","","","","","",""
"1","od","od","2","O","","","Prep","","","Gen","","","","","","","","","","","","","","","","","","","","","","","","","","","","","","","","","","",""
"1","jihu","jih","3","O","","","","Inan","","Gen","","","","Masc","","","","","","","Sing","","","","","","","","","","","","","","","","","","","","","","","","No"
"1",".",".","4","O","","","","","","","","","","","","","","","","","","","","","","","","","","","","","","","","","","","","","","","","",""
"1","Archív","archív","1","O","","","","Inan","","Nom","","","","Masc","","","","","","","Sing","","","","","","","","","","","","","","","","","","","","","","","",""
"1","PÚPP","PÚPP","2","O","","Yes","","","","","","","","","","","","","","","","","","","","","","","","","","","","","","","","","","","","","","","No"
"1",",",",","3","O","","","","","","","","","","","","","","","","","","","","","","","","","","","","","","","","","","","","","","","","",""
"1","č","číslo","4","O","","Yes","","","","","","","","Neut","","","","","","","","","","","","","","","","","","","","","","","","","","","","","","","No"
"1",".",".","5","O","","","","","","","","","","","","","","","","","","","","","","","","","","","","","","","","","","","","","","","","",""
"1","fot","fot","6","O","","Yes","","Inan","","","","","","Masc","","","","","","","","","","","","","","","","","","","","","","","","","","","","","","","No"
"1",".",".","7","O","","","","","","","","","","","","","","","","","","","","","","","","","","","","","","","","","","","","","","","","",""
"1","56","56","8","B-n_","Number expression (General)","","","","","","","","","","","","","","Digit","Card","","","","","","","","","","","","","","","","","","","","","","","","",""
"1","816","816","9","I-n_","Number expression (General)","","","","","","","","","","","","","","Digit","Card","","","","","","","","","","","","","","","","","","","","","","","","","No"
"1",".",".","10","O","","","","","","","","","","","","","","","","","","","","","","","","","","","","","","","","","","","","","","","","",""
"1","Foto","foto","1","O","","","","","","Nom","","","","Neut","","","","","","","Sing","","","","","","","","","","","","","","","","","","","","","","","",""
"1","K","K","2","B-P","Complex personal names","Yes","","","","","","","","","","","","","","","","","","","","","","","","","","","","","","Yes","","","","","","","","","No"
"1",".",".","3","I-P","Complex personal names","","","","","","","","","","","","","","","","","","","","","","","","","","","","","","","","","","","","","Yes","","",""
"1","Fink","Fink","4","I-P","Complex personal names","","","Anim","","Nom","","","","Masc","","","","Giv","","","Sing","","","","","","","","","","","","","","","","Yes","","","","","","","","No"
"1",".",".","5","O","","","","","","","","","","","","","","","","","","","","","","","","","","","","","","","","","","","","","","","","",""
"1","Plánek","plánek","1","O","","","","Inan","","Nom","","","","Masc","","","","","","","Sing","","","","","","","","","","","","","","","","","","","","","","","",""
"1","č","číslo","2","O","","Yes","","","","","","","","Neut","","","","","","","","","","","","","","","","","","","","","","","","","","","","","","","No"
"1",".",".","3","O","","","","","","","","","","","","","","","","","","","","","","","","","","","","","","","","","","","","","","","","",""
"1","1","1","4","B-nb","Volu-metric number","","","","","","","","","","","","","","Digit","Card","","","","","","","","","","","","","","","","","","","","","","","","","No"
"1",".",".","5","O","","","","","","","","","","","","","","","","","","","","","","","","","","","","","","","","","","","","","","","","",""
"1","Půdorys","půdorys","1","O","","","","Inan","","Nom","","","","Masc","","","","","","","Sing","","","","","","","","","","","","","","","","","","","","","","","",""
"1","domu","dům","2","O","","","","Inan","","Gen","","","","Masc","","","","","","","Sing","","","","","","","","","","","","","","","","","","","","","","","",""
"1","čp","čp","3","O","","Yes","","","","","","","","Neut","","","","","","","","","","","","","","","","","","","","","","","","","","","","","","","No"
"1",".",".","4","O","","","","","","","","","","","","","","","","","","","","","","","","","","","","","","","","","","","","","","","","",""
"1","193","193","5","B-n_","Number expression (General)","","","","","","","","","","","","","","Digit","Card","","","","","","","","","","","","","","","","","","","","","","","","","No"
"1","/","/","6","I-n_","Number expression (General)","","","","","","","","","","","","","","","","","","","","","","","","","","","","","","","","","","","","","","","","No"
"1","1","1","7","I-n_","Number expression (General)","","","","","","","","","","","","","","Digit","Card","","","","","","","","","","","","","","","","","","","","","","","","",""
"1","v","v","8","O","","","Prep","","","Loc","","","","","","","","","","","","","","","","","","","","","","","","","","","","","","","","","","",""
"1","úrovni","úroveň","9","O","","","","","","Loc","","","","Fem","","","","","","","Sing","","","","","","","","","","","","","","","","","","","","","","","",""
"1","suterénu","suterén","10","O","","","","Inan","","Gen","","","","Masc","","","","","","","Sing","","","","","","","","","","","","","","","","","","","","","","","",""
"1","s","s","11","O","","","Prep","","","Ins","","","","","","","","","","","","","","","","","","","","","","","","","","","","","","","","","","",""
"1","vynesením","vynesení","12","O","","","","","","Ins","","","","Neut","","","","","","","Sing","","","","","","","","","","Vnoun","","","","","","","","","","","","","",""
"1","nálezu","nález","13","O","","","","Inan","","Gen","","","","Masc","","","","","","","Sing","","","","","","","","","","","","","","","","","","","","","","","","No"
"1",".",".","14","O","","","","","","","","","","","","","","","","","","","","","","","","","","","","","","","","","","","","","","","","",""
"1","1","1","1","B-ni","Itemizer (1.)","","","","","","","","","","","","","","Digit","Card","","","","","","","","","","","","","","","","","","","","","","","","",""
"1","-","-","2","O","","","","","","","","","","","","","","","","","","","","","","","","","","","","","","","","","","","","","","","","",""
"1","pískovcový","pískovcový","3","O","","","","Inan","","Nom","","Pos","","Masc","","","","","","","Sing","","","Pos","","","","","","","","","","","","","","","","","","","","",""
"1","obklad","obklad","4","O","","","","Inan","","Nom","","","","Masc","","","","","","","Sing","","","","","","","","","","","","","","","","","","","","","","","",""
"1","pilíře","pilíř","5","O","","","","Inan","","Gen","","","","Masc","","","","","","","Sing","","","","","","","","","","","","","","","","","","","","","","","",""
"1","2","2","6","B-n_","Number expression (General)","","","","","","","","","","","","","","Digit","Card","","","","","","","","","","","","","","","","","","","","","","","","",""
"1","-","-","7","O","","","","","","","","","","","","","","","","","","","","","","","","","","","","","","","","","","","","","","","","",""
"1","zachycené","zachycený","8","O","","","","","","Nom","","Pos","","Neut","","","","","","","Sing","","","Pos","","","","","","","Part","Pass","","","","","","","","","","","","",""
"1","opukové","opukový","9","O","","","","","","Nom","","Pos","","Neut","","","","","","","Sing","","","Pos","","","","","","","","","","","","","","","","","","","","",""
"1","zdlvo","zdlvo","10","O","","","","","","Nom","","","","Neut","","","","","","","Sing","","","","","","","","","","","","","","","","","","","","","","","",""
"1","jádra","jádro","11","O","","","","","","Gen","","","","Neut","","","","","","","Sing","","","","","","","","","","","","","","","","","","","","","","","",""
"1","pilíře","pilíř","12","O","","","","Inan","","Gen","","","","Masc","","","","","","","Sing","","","","","","","","","","","","","","","","","","","","","","","",""
"1","3","3","13","B-n_","Number expression (General)","","","","","","","","","","","","","","Digit","Card","","","","","","","","","","","","","","","","","","","","","","","","",""
"1","-","-","14","O","","","","","","","","","","","","","","","","","","","","","","","","","","","","","","","","","","","","","","","","",""
"1","předpokládaný","předpokládaný","15","O","","","","Inan","","Nom","","Pos","","Masc","","","","","","","Sing","","","Pos","","","","","","","Part","Pass","","","","","","","","","","","","",""
"1","průběh","průběh","16","O","","","","Inan","","Nom","","","","Masc","","","","","","","Sing","","","","","","","","","","","","","","","","","","","","","","","",""
"1","líce","líc","17","O","","","","Inan","","Gen","","","","Masc","","","","","","","Sing","","","","","","","","","","","","","","","","","","","","","","","",""
"1","Pilíře","pilíř","18","O","","","","Inan","","Gen","","","","Masc","","","","","","","Sing","","","","","","","","","","","","","","","","","","","","","","","","No"
"1",".",".","19","O","","","","","","","","","","","","","","","","","","","","","","","","","","","","","","","","","","","","","","","","",""
"1","Zaměření","zaměření","1","O","","","","","","Nom","","","","Neut","","","","","","","Sing","","","","","","","","","","Vnoun","","","","","","","","","","","","","",""
"1","a","a","2","O","","","","","","","","","","","","","","","","","","","","","","","","","","","","","","","","","","","","","","","","",""
"1","kresba","kresba","3","O","","","","","","Nom","","","","Fem","","","","","","","Sing","","","","","","","","","","","","","","","","","","","","","","","",""
"1","J","J","4","B-P","Complex personal names","Yes","","","","","","","","","","","","","","","","","","","","","","","","","","","","","","Yes","","","","","","","","","No"
"1",".",".","5","I-P","Complex personal names","","","","","","","","","","","","","","","","","","","","","","","","","","","","","","","","","","","","","Yes","","",""
"1","Mourek","Mourek","6","I-P","Complex personal names","","","Anim","","Nom","","","","Masc","","","","Giv","","","Sing","","","","","","","","","","","","","","","","Yes","","","","","","","","No"
"1",".",".","7","O","","","","","","","","","","","","","","","","","","","","","","","","","","","","","","","","","","","","","","","","",""
"1","Plánek","plánek","1","O","","","","Inan","","Nom","","","","Masc","","","","","","","Sing","","","","","","","","","","","","","","","","","","","","","","","",""
"1","č","číslo","2","O","","Yes","","","","","","","","Neut","","","","","","","","","","","","","","","","","","","","","","","","","","","","","","","No"
"1",".",".","3","O","","","","","","","","","","","","","","","","","","","","","","","","","","","","","","","","","","","","","","","","",""
"1","2","2","4","B-nb","Volu-metric number","","","","","","","","","","","","","","Digit","Card","","","","","","","","","","","","","","","","","","","","","","","","","No"
"1",".",".","5","O","","","","","","","","","","","","","","","","","","","","","","","","","","","","","","","","","","","","","","","","",""
"1","ŠlrSÍ","Šlrsí","6","O","","","","","","Gen","","","","Fem","","","","","","","Plur","","","","","","","","","","","","","","","","","","","","","","","",""
"1","situace","situace","7","O","","","","","","Nom","","","","Fem","","","","","","","Sing","","","","","","","","","","","","","","","","","","","","","","","",""
"1","prvního","první","8","O","","","","Inan","","Gen","","","","Masc","","","","","","Ord","Sing","","","","","","","","","","","","","","","","","","","","","","","",""
"1","staroměstského","staroměstský","9","O","","","","Inan","","Gen","","Pos","","Masc","","","","","","","Sing","","","Pos","","","","","","","","","","","","","","","","","","","","",""
"1","pilíře","pilíř","10","O","","","","Inan","","Gen","","","","Masc","","","","","","","Sing","","","","","","","","","","","","","","","","","","","","","","","","No"
"1",".",".","11","O","","","","","","","","","","","","","","","","","","","","","","","","","","","","","","","","","","","","","","","","",""
"1","Kresba","kresba","1","O","","","","","","Nom","","","","Fem","","","","","","","Sing","","","","","","","","","","","","","","","","","","","","","","","",""
"1","J","J","2","B-P","Complex personal names","Yes","","","","","","","","","","","","","","","","","","","","","","","","","","","","","","Yes","","","","","","","","","No"
"1",".",".","3","I-P","Complex personal names","","","","","","","","","","","","","","","","","","","","","","","","","","","","","","","","","","","","","Yes","","",""
"1","Mourek","Mourek","4","I-P","Complex personal names","","","Anim","","Nom","","","","Masc","","","","Giv","","","Sing","","","","","","","","","","","","","","","","Yes","","","","","","","","No"
"1",".",".","5","O","","","","","","","","","","","","","","","","","","","","","","","","","","","","","","","","","","","","","","","","",""
"1","5","5","1","B-ni","Itemizer (1.)","","","","","","","","","","","","","","Digit","Card","","","","","","","","","","","","","","","","","","","","","","","","",""
"1","3","3","2","O","","","","","","","","","","","","","","","Digit","Card","","","","","","","","","","","","","","","","","","","","","","","","",""
"1","Plánek","plánek","3","O","","","","Inan","","Nom","","","","Masc","","","","","","","Sing","","","","","","","","","","","","","","","","","","","","","","","",""
"1","č","číslo","4","O","","Yes","","","","","","","","Neut","","","","","","","","","","","","","","","","","","","","","","","","","","","","","","","No"
"1",".",".","5","O","","","","","","","","","","","","","","","","","","","","","","","","","","","","","","","","","","","","","","","","",""
"1","1","1","6","B-n_","Number expression (General)","","","","","","","","","","","","","","Digit","Card","","","","","","","","","","","","","","","","","","","","","","","","",""
"1","Vltava","Vltava","7","B-gh","Hydronym (Bodies of water)","","","","","Nom","","","","Fem","","","","Geo","","","Sing","","","","","","","","","","","","","","","","","","","","","","","",""
"1","■","■","8","O","","Yes","","","","","","","","","","","","","","","","","","","","","","","","","","","","","","","","","","","","","","",""
"1","1","1","9","O","","","","","","","","","","","","","","","Digit","Card","","","","","","","","","","","","","","","","","","","","","","","","",""
"1","%","%","10","O","","","","","","","","","","","","","","","","","","","","","","","","","","","","","","","","","","","","","","","","","No"
"1","2","2","11","B-n_","Number expression (General)","","","","","","","","","","","","","","Digit","Card","","","","","","","","","","","","","","","","","","","","","","","","",""
"1","3","3","12","B-n_","Number expression (General)","","","","","","","","","","","","","","Digit","Card","","","","","","","","","","","","","","","","","","","","","","","","","No"
