"page_id","token","lemma","position","nameTag","NE","udpipe.feats.Abbr","udpipe.feats.AdpType","udpipe.feats.Animacy","udpipe.feats.Aspect","udpipe.feats.Case","udpipe.feats.Degree","udpipe.feats.Foreign","udpipe.feats.Gender","udpipe.feats.Mood","udpipe.feats.NameType","udpipe.feats.NumForm","udpipe.feats.NumType","udpipe.feats.Number","udpipe.feats.Person","udpipe.feats.Polarity","udpipe.feats.PronType","udpipe.feats.Reflex","udpipe.feats.Tense","udpipe.feats.Variant","udpipe.feats.VerbForm","udpipe.feats.Voice","udpipe.misc.B-ah","udpipe.misc.B-az","udpipe.misc.B-gh","udpipe.misc.B-gl","udpipe.misc.B-gr","udpipe.misc.B-gu","udpipe.misc.B-ic","udpipe.misc.B-mn","udpipe.misc.B-nb","udpipe.misc.B-oa","udpipe.misc.B-pd","udpipe.misc.B-pf","udpipe.misc.B-ps","udpipe.misc.B-td","udpipe.misc.B-tm","udpipe.misc.B-ty","udpipe.misc.I-az","udpipe.misc.I-gu","udpipe.misc.I-ic","udpipe.misc.I-oa","udpipe.misc.I-pd","udpipe.misc.I-pf","udpipe.misc.I-td","udpipe.misc.I-tm","udpipe.misc.SpaceAfter"
"1","SKU","SKU","1","O","","Yes","","","","","","","","","","","","","","","","","","","","","","","","","","","","","","","","","","","","","","","","","","","","",""
"1","H","H","2","O","","Yes","","","","","","","","","","","","","","","","","","","","","","","","","","","","","","","","","","","","","","","","","","","","",""
"1","R","R","3","O","","Yes","","","","","","","","","","","","","","","","","","","","","","","","","","","","","","","","","","","","","","","","","","","","",""
"1","O","O","4","O","","Yes","","","","","","","","","","","","","","","","","","","","","","","","","","","","","","","","","","","","","","","","","","","","",""
"1","V","v","5","O","","Yes","","","","","","","","","","","","","","","","","","","","","","","","","","","","","","","","","","","","","","","","","","","","",""
"1","N","N","6","O","","Yes","","","","","","","","","","","","","","","","","","","","","","","","","","","","","","","","","","","","","","","","","","","","",""
"1","A","a","7","O","","","","","","","","","","","","","","","","","","","","","","","","","","","","","","","","","","","","","","","","","","","","","","",""
"1","D","D","8","O","","Yes","","","","","","","","","","","","","","","","","","","","","","","","","","","","","","","","","","","","","","","","","","","","",""
"1","B","B","9","O","","Yes","","","","","","","","","","","","","","","","","","","","","","","","","","","","","","","","","","","","","","","","","","","","",""
"1","Ě","ě","10","O","","","","","","","","Yes","","","","","","","","","","","","","","","","","","","","","","","","","","","","","","","","","","","","","","",""
"1","L","L","11","O","","Yes","","","","","","","","","","","","","","","","","","","","","","","","","","","","","","","","","","","","","","","","","","","","",""
"1","O","O","12","O","","Yes","","","","","","","","","","","","","","","","","","","","","","","","","","","","","","","","","","","","","","","","","","","","",""
"1","U","u","13","O","","Yes","","","","","","","","","","","","","","","","","","","","","","","","","","","","","","","","","","","","","","","","","","","","",""
"1","Hrad","hrad","14","O","","","","Inan","","Nom","","","Masc","","","","","Sing","","","","","","","","","","","","","","","","","","","","","","","","","","","","","","","","","No"
"1",",",",","15","O","","","","","","","","","","","","","","","","","","","","","","","","","","","","","","","","","","","","","","","","","","","","","","",""
"1","sběry","sběr","16","O","","","","Inan","","Nom","","","Masc","","","","","Plur","","","","","","","","","","","","","","","","","","","","","","","","","","","","","","","","",""
"1","1998","1998","17","B-ty","Year","","","","","","","","","","","Digit","Card","","","","","","","","","","","","","","","","","","","","","","","","","","","","","","","","","",""
"1","Muzeum","muzeum","18","B-ic","Cult/Educational institution","","","","","Nom","","","Neut","","","","","Sing","","","","","","","","","","","","","","","","","","","","","","","","","","","","","","","","",""
"1","a","a","19","I-ic","Cult/Educational institution","","","","","","","","","","","","","","","","","","","","","","","","","","","","","","","","","","","","","","","","","","","","","",""
"1","galerie","galerie","20","I-ic","Cult/Educational institution","","","","","Nom","","","Fem","","","","","Sing","","","","","","","","","","","","","","","","","","","","","","","","","","","","","","","","",""
"1","v","v","21","I-ic","Cult/Educational institution","","Prep","","","Loc","","","","","","","","","","","","","","","","","","","","","","","","","","","","","","","","","","","","","","","","",""
"1","Rychnově","Rychnov","22","I-ic","Cult/Educational institution","","","Inan","","Loc","","","Masc","","Geo","","","Sing","","","","","","","","","","","","","","Yes","","","","","","","","","","","","","","","","","","",""
"1","n","n","23","I-ic","Cult/Educational institution","","Prep","","","Ins","","","","","","","","","","","","","","","","","","","","","","","","","","","","","","","","","","Yes","","","","","","","No"
"1",".",".","24","I-ic","Cult/Educational institution","","","","","","","","","","","","","","","","","","","","","","","","","","","","","","","","","","","","","","","Yes","","","","","","",""
"1","Kn","KN","25","I-ic","Cult/Educational institution","Yes","","","","","","","","","","","","","","","","","","","","","","","Yes","","","","","","","","","","","","","","","Yes","","","","","","","No"
"1",".",".","26","O","","","","","","","","","","","","","","","","","","","","","","","","","","","","","","","","","","","","","","","","","","","","","","",""
"1","PhDr","PhDr","1","B-P","Complex personal names","Yes","","","","","","","","","","","","","","","","","","","","","","","","","","","","","","","Yes","","","","","","","","","","","","","","No"
"1",".",".","2","I-P","Complex personal names","","","","","","","","","","","","","","","","","","","","","","","","","","","","","","","","","","","","","","","","","","Yes","","","",""
"1","Martina","Martina","3","I-P","Complex personal names","","","","","Nom","","","Fem","","Giv","","","Sing","","","","","","","","","","","","","","","","","","","","Yes","","","","","","","","","","","","",""
"1","Beková","Beková","4","I-P","Complex personal names","","","","","Nom","","","Fem","","Giv","","","Sing","","","","","","","","","","","","","","","","","","","","","Yes","","","","","","","","","","","",""
"1","Bohumír","Bohumír","5","B-P","Complex personal names","","","Anim","","Nom","","","Masc","","Giv","","","Sing","","","","","","","","","","","","","","","","","","","","Yes","","","","","","","","","","","","",""
"1","Dragoun","Dragoun","6","I-P","Complex personal names","","","Anim","","Nom","","","Masc","","Giv","","","Sing","","","","","","","","","","","","","","","","","","","","","Yes","","","","","","","","","","","",""
"1","SKUHROV","Skuhrov","7","B-gu","Settlement name (City/Town)","","","Inan","","Nom","","","Masc","","Geo","","","Sing","","","","","","","","","","","","","","","","","","","","","","","","","","","","","","","","",""
"1","NAD","nad","8","O","","","Prep","","","Ins","","","","","","","","","","","","","","","","","","","","","","","","","","","","","","","","","","","","","","","","",""
"1","BĚLOU","Běla","9","B-gh","Hydronym (Bodies of water)","","","","","Ins","","","Fem","","Geo","","","Sing","","","","","","","","","","","","","","","","","","","","","","","","","","","","","","","","",""
"1","hrad","hrad","10","O","","","","Inan","","Nom","","","Masc","","","","","Sing","","","","","","","","","","","","","","","","","","","","","","","","","","","","","","","","","No"
"1",",",",","11","O","","","","","","","","","","","","","","","","","","","","","","","","","","","","","","","","","","","","","","","","","","","","","","",""
"1","sběry","sběr","12","O","","","","Inan","","Nom","","","Masc","","","","","Plur","","","","","","","","","","","","","","","","","","","","","","","","","","","","","","","","",""
"1","1998","1998","13","B-ty","Year","","","","","","","","","","","Digit","Card","","","","","","","","","","","","","","","","","","","","","","","","","","","","","","","","","",""
"1","Geomorfologický","geomorfologický","14","O","","","","Inan","","Nom","Pos","","Masc","","","","","Sing","","Pos","","","","","","","","","","","","","","","","","","","","","","","","","","","","","","",""
"1","popis","popis","15","O","","","","Inan","","Nom","","","Masc","","","","","Sing","","","","","","","","","","","","","","","","","","","","","","","","","","","","","","","","",""
"1","Hrad","hrad","16","O","","","","Inan","","Nom","","","Masc","","","","","Sing","","","","","","","","","","","","","","","","","","","","","","","","","","","","","","","","",""
"1","se","se","17","O","","","","","","Acc","","","","","","","","","","","Prs","Yes","","Short","","","","","","","","","","","","","","","","","","","","","","","","","","",""
"1","nachází","nacházet","18","O","","","","","Imp","","","","","Ind","","","","Sing","3","Pos","","","Pres","","Fin","Act","","","","","","","","","","","","","","","","","","","","","","","","",""
"1","na","na","19","O","","","Prep","","","Loc","","","","","","","","","","","","","","","","","","","","","","","","","","","","","","","","","","","","","","","","",""
"1","ostrožně","ostrožna","20","O","","","","","","Loc","","","Fem","","","","","Sing","","","","","","","","","","","","","","","","","","","","","","","","","","","","","","","","",""
"1","nad","nad","21","O","","","Prep","","","Ins","","","","","","","","","","","","","","","","","","","","","","","","","","","","","","","","","","","","","","","","",""
"1","řekou","řeka","22","O","","","","","","Ins","","","Fem","","","","","Sing","","","","","","","","","","","","","","","","","","","","","","","","","","","","","","","","",""
"1","Bělou","Běla","23","B-gh","Hydronym (Bodies of water)","","","","","Ins","","","Fem","","Geo","","","Sing","","","","","","","","","","","","","","","","","","","","","","","","","","","","","","","","","No"
"1",",",",","24","O","","","","","","","","","","","","","","","","","","","","","","","","","","","","","","","","","","","","","","","","","","","","","","",""
"1","na","na","25","O","","","Prep","","","Loc","","","","","","","","","","","","","","","","","","","","","","","","","","","","","","","","","","","","","","","","",""
"1","úpatí","úpatí","26","O","","","","","","Loc","","","Neut","","","","","Sing","","","","","","","","","","","","","","","","","","","","","","","","","","","","","","","","",""
"1","svahů","svah","27","O","","","","Inan","","Gen","","","Masc","","","","","Plur","","","","","","","","","","","","","","","","","","","","","","","","","","","","","","","","",""
"1","svírajících","svírající","28","O","","","","Inan","Imp","Gen","","","Masc","","","","","Plur","","Pos","","","Pres","","Part","Act","","","","","","","","","","","","","","","","","","","","","","","","",""
"1","tok","tok","29","O","","","","Inan","","Acc","","","Masc","","","","","Sing","","","","","","","","","","","","","","","","","","","","","","","","","","","","","","","","",""
"1","Bělé","Bělá","30","B-gh","Hydronym (Bodies of water)","","","","","Gen","","","Fem","","Geo","","","Sing","","","","","","","","","","","","","","","","","","","","","","","","","","","","","","","","",""
"1","v","v","31","O","","","Prep","","","Loc","","","","","","","","","","","","","","","","","","","","","","","","","","","","","","","","","","","","","","","","",""
"1","rámci","rámec","32","O","","","","Inan","","Loc","","","Masc","","","","","Sing","","","","","","","","","","","","","","","","","","","","","","","","","","","","","","","","",""
"1","skuhrovské","skuhrovský","33","O","","","","","","Gen","Pos","","Fem","","","","","Sing","","Pos","","","","","","","","","","","","","","","","","","","","","","","","","","","","","","",""
"1","části","část","34","O","","","","","","Gen","","","Fem","","","","","Sing","","","","","","","","","","","","","","","","","","","","","","","","","","","","","","","","",""
"1","Podorlické","podorlický","35","B-gl","Nature/Landscape name (Mountain/River)","","","","","Gen","Pos","","Fem","","","","","Sing","","Pos","","","","","","","","","","","","","","","","","","","","","","","","","","","","","","",""
"1","pahorkatiny","pahorkatina","36","I-gl","Nature/Landscape name (Mountain/River)","","","","","Gen","","","Fem","","","","","Sing","","","","","","","","","","","","","","","","","","","","","","","","","","","","","","","","",""
"1","(","(","37","O","","","","","","","","","","","","","","","","","","","","","","","","","","","","","","","","","","","","","","","","","","","","","","","No"
"1","SLÁDEK","Sládek","38","B-ps","Surname","","","Anim","","Nom","","","Masc","","Giv","","","Sing","","","","","","","","","","","","","","","","","","","","","","","","","","","","","","","","","No"
"1",",",",","39","O","","","","","","","","","","","","","","","","","","","","","","","","","","","","","","","","","","","","","","","","","","","","","","",""
"1","J","J","40","B-P","Complex personal names","Yes","","","","","","","","","","","","","","","","","","","","","","","","","","","","","","","","Yes","","","","","","","","","","","","","No"
"1",".",".","41","I-P","Complex personal names","","","","","","","","","","","","","","","","","","","","","","","","","","","","","","","","","","","","","","","","","","","Yes","","",""
"1","1977","1977","42","I-P","Complex personal names","","","","","","","","","","","Digit","Card","","","","","","","","","","","","","","","","","","","","","","","","","Yes","","","","","","","","","No"
"1",":",":","43","O","","","","","","","","","","","","","","","","","","","","","","","","","","","","","","","","","","","","","","","","","","","","","","",""
"1","Zeměpisné","zeměpisný","44","B-C","Complex bibliographic expression","","","","","Nom","Pos","","Neut","","","","","Sing","","Pos","","","","","","","","","","","","","","","","Yes","","","","","","","","","","","","","","",""
"1","vymezení","vymezení","45","I-C","Complex bibliographic expression","","","","","Nom","","","Neut","","","","","Sing","","","","","","","Vnoun","","","","","","","","","","","","","","","","","","","","","Yes","","","","",""
"1","a","a","46","I-C","Complex bibliographic expression","","","","","","","","","","","","","","","","","","","","","","","","","","","","","","","","","","","","","","","","","Yes","","","","",""
"1","regionální","regionální","47","I-C","Complex bibliographic expression","","","","","Nom","Pos","","Neut","","","","","Sing","","Pos","","","","","","","","","","","","","","","","","","","","","","","","","","Yes","","","","",""
"1","členění","členění","48","I-C","Complex bibliographic expression","","","","","Nom","","","Neut","","","","","Sing","","","","","","","Vnoun","","","","","","","","","","","","","","","","","","","","","Yes","","","","",""
"1","in","in","49","I-C","Complex bibliographic expression","Yes","","","","","","","","","","","","","","","","","","","","","","","","","","","","","","","","","","","","","","","","","","","","","No"
"1",":",":","50","I-C","Complex bibliographic expression","","","","","","","","","","","","","","","","","","","","","","","","","","","","","","","","","","","","","","","","","","","","","",""
"1","Příroda","příroda","51","I-C","Complex bibliographic expression","","","","","Nom","","","Fem","","","","","Sing","","","","","","","","","","","","","","","","","","Yes","","","","","","","","","","","","","","",""
"1","Orlických","orlický","52","I-C","Complex bibliographic expression","","","","","Gen","Pos","","Fem","","","","","Plur","","Pos","","","","","","","","","","","","","","","","","","","","","","","","","","Yes","","","","",""
"1","hor","hora","53","I-C","Complex bibliographic expression","","","","","Gen","","","Fem","","","","","Plur","","","","","","","","","","","","","","","","","","","","","","","","","","","","Yes","","","","",""
"1","a","a","54","I-C","Complex bibliographic expression","","","","","","","","","","","","","","","","","","","","","","","","","","","","","","","","","","","","","","","","","Yes","","","","",""
"1","Podorlicka","Podorlicko","55","I-C","Complex bibliographic expression","","","","","Gen","","","Neut","","Geo","","","Sing","","","","","","","","","","","","","Yes","","","","","","","","","","","","","","","Yes","","","","","No"
"1",",",",","56","I-C","Complex bibliographic expression","","","","","","","","","","","","","","","","","","","","","","","","","","","","","","","","","","","","","","","","","","","","","",""
"1","Praha","Praha","57","I-C","Complex bibliographic expression","","","","","Nom","","","Fem","","Geo","","","Sing","","","","","","","","","","","","","","Yes","","","","","","","","","","","","","","","","","","",""
"1","1977","1977","58","I-C","Complex bibliographic expression","","","","","","","","","","","Digit","Card","","","","","","","","","","","","","","","","","","","","","","","","","Yes","","","","","","","","","No"
"1",",",",","59","I-C","Complex bibliographic expression","","","","","","","","","","","","","","","","","","","","","","","","","","","","","","","","","","","","","","","","","","","","","",""
"1","13","13","60","I-C","Complex bibliographic expression","","","","","","","","","","","Digit","Card","","","","","","","","","","","","","","","","","","Yes","","","","","","","","","","","","","","","","No"
"1","-","-","61","I-C","Complex bibliographic expression","","","","","","","","","","","","","","","","","","","","","","","","","","","","","","","","","","","","","","","","","","","","","","No"
"1","87","87","62","I-C","Complex bibliographic expression","","","","","","","","","","","Digit","Card","","","","","","","","","","","","","","","","","","Yes","","","","","","","","","","","","","","","","No"
"1",")",")","63","O","","","","","","","","","","","","","","","","","","","","","","","","","","","","","","","","","","","","","","","","","","","","","","","No"
"1",".",".","64","O","","","","","","","","","","","","","","","","","","","","","","","","","","","","","","","","","","","","","","","","","","","","","","",""
"1","Podloží","podloží","1","O","","","","","","Nom","","","Neut","","","","","Sing","","","","","","","","","","","","","","","","","","","","","","","","","","","","","","","","",""
"1","a","a","2","O","","","","","","","","","","","","","","","","","","","","","","","","","","","","","","","","","","","","","","","","","","","","","","",""
"1","půdní","půdní","3","O","","","","Inan","","Nom","Pos","","Masc","","","","","Sing","","Pos","","","","","","","","","","","","","","","","","","","","","","","","","","","","","","",""
"1","pokryv","pokryv","4","O","","","","Inan","","Nom","","","Masc","","","","","Sing","","","","","","","","","","","","","","","","","","","","","","","","","","","","","","","","",""
"1","Oglejené","oglejený","5","O","","","","","","Gen","Pos","","Fem","","","","","Sing","","Pos","","","","","Part","Pass","","","","","","","","","","","","","","","","","","","","","","","","",""
"1","půdy","půda","6","O","","","","","","Gen","","","Fem","","","","","Sing","","","","","","","","","","","","","","","","","","","","","","","","","","","","","","","","",""
"1","na","na","7","O","","","Prep","","","Loc","","","","","","","","","","","","","","","","","","","","","","","","","","","","","","","","","","","","","","","","",""
"1","fylitech","fylit","8","O","","","","Inan","","Loc","","","Masc","","","","","Plur","","","","","","","","","","","","","","","","","","","","","","","","","","","","","","","","",""
"1","(","(","9","O","","","","","","","","","","","","","","","","","","","","","","","","","","","","","","","","","","","","","","","","","","","","","","",""
"1","NÁLEVKA","Nálevka","10","B-ps","Surname","","","Anim","","Nom","","","Masc","","Giv","","","Sing","","","","","","","","","","","","","","","","","","","","","","","","","","","","","","","","","No"
"1",",",",","11","O","","","","","","","","","","","","","","","","","","","","","","","","","","","","","","","","","","","","","","","","","","","","","","",""
"1","B","B","12","B-P","Complex personal names","Yes","","","","","","","","","","","","","","","","","","","","","","","","","","","","","","","","Yes","","","","","","","","","","","","","No"
"1",".",".","13","I-P","Complex personal names","","","","","","","","","","","","","","","","","","","","","","","","","","","","","","","","","","","","","","","","","","","Yes","","",""
"1","1977","1977","14","I-P","Complex personal names","","","","","","","","","","","Digit","Card","","","","","","","","","","","","","","","","","","","","","","","","","Yes","","","","","","","","","No"
"1",":",":","15","O","","","","","","","","","","","","","","","","","","","","","","","","","","","","","","","","","","","","","","","","","","","","","","",""
"1","Půdní","půdní","16","B-C","Complex bibliographic expression","","","Inan","","Nom","Pos","","Masc","","","","","Plur","","Pos","","","","","","","","","","","","","","","","Yes","","","","","","","","","","","","","","",""
"1","poměry","poměry","17","I-C","Complex bibliographic expression","","","Inan","","Nom","","","Masc","","","","","Plur","","","","","","","","","","","","","","","","","","","","","","","","","","","","Yes","","","","","No"
"1",",",",","18","I-C","Complex bibliographic expression","","","","","","","","","","","","","","","","","","","","","","","","","","","","","","","","","","","","","","","","","","","","","",""
"1","in","in","19","I-C","Complex bibliographic expression","","","","","","","Yes","","","","","","","","","","","","","","","","","","","","","","","","","","","","","","","","","","","","","","","No"
"1",":",":","20","I-C","Complex bibliographic expression","","","","","","","","","","","","","","","","","","","","","","","","","","","","","","","","","","","","","","","","","","","","","",""
"1","Příroda","příroda","21","I-C","Complex bibliographic expression","","","","","Nom","","","Fem","","","","","Sing","","","","","","","","","","","","","","","","","","Yes","","","","","","","","","","","","","","",""
"1","Orlických","orlický","22","I-C","Complex bibliographic expression","","","","","Gen","Pos","","Fem","","","","","Plur","","Pos","","","","","","","","","","","","","","","","","","","","","","","","","","Yes","","","","",""
"1","hor","hora","23","I-C","Complex bibliographic expression","","","","","Gen","","","Fem","","","","","Plur","","","","","","","","","","","","","","","","","","","","","","","","","","","","Yes","","","","",""
"1","a","a","24","I-C","Complex bibliographic expression","","","","","","","","","","","","","","","","","","","","","","","","","","","","","","","","","","","","","","","","","Yes","","","","",""
"1","Podorlicka","Podorlicko","25","I-C","Complex bibliographic expression","","","","","Gen","","","Neut","","Geo","","","Sing","","","","","","","","","","","","","Yes","","","","","","","","","","","","","","","Yes","","","","","No"
"1",",",",","26","I-C","Complex bibliographic expression","","","","","","","","","","","","","","","","","","","","","","","","","","","","","","","","","","","","","","","","","","","","","",""
"1","Praha","Praha","27","I-C","Complex bibliographic expression","","","","","Nom","","","Fem","","Geo","","","Sing","","","","","","","","","","","","","","Yes","","","","","","","","","","","","","","","","","","",""
"1","1977","1977","28","I-C","Complex bibliographic expression","","","","","","","","","","","Digit","Card","","","","","","","","","","","","","","","","","","","","","","","","","Yes","","","","","","","","","No"
"1",",",",","29","I-C","Complex bibliographic expression","","","","","","","","","","","","","","","","","","","","","","","","","","","","","","","","","","","","","","","","","","","","","",""
"1","287","287","30","I-C","Complex bibliographic expression","","","","","","","","","","","Digit","Card","","","","","","","","","","","","","","","","","","Yes","","","","","","","","","","","","","","","","No"
"1","-","-","31","I-C","Complex bibliographic expression","","","","","","","","","","","","","","","","","","","","","","","","","","","","","","","","","","","","","","","","","","","","","","No"
"1","308","308","32","I-C","Complex bibliographic expression","","","","","","","","","","","Digit","Card","","","","","","","","","","","","","","","","","","Yes","","","","","","","","","","","","","","","","No"
"1",".",".","33","O","","","","","","","","","","","","","","","","","","","","","","","","","","","","","","","","","","","","","","","","","","","","","","","No"
"1",")",")","34","O","","","","","","","","","","","","","","","","","","","","","","","","","","","","","","","","","","","","","","","","","","","","","","","No"
"1",".",".","35","O","","","","","","","","","","","","","","","","","","","","","","","","","","","","","","","","","","","","","","","","","","","","","","",""
"1","Historie","historie","1","O","","","","","","Nom","","","Fem","","","","","Sing","","","","","","","","","","","","","","","","","","","","","","","","","","","","","","","","",""
"1","naleziště","naleziště","2","O","","","","","","Gen","","","Neut","","","","","Sing","","","","","","","","","","","","","","","","","","","","","","","","","","","","","","","","",""
"1","Hrad","hrad","3","B-gu","Settlement name (City/Town)","","","Inan","","Nom","","","Masc","","","","","Sing","","","","","","","","","","","","","","","","","","","","","","","","","","","","","","","","",""
"1","na","na","4","O","","","Prep","","","Loc","","","","","","","","","","","","","","","","","","","","","","","","","","","","","","","","","","","","","","","","",""
"1","ostrožně","ostrožna","5","O","","","","","","Loc","","","Fem","","","","","Sing","","","","","","","","","","","","","","","","","","","","","","","","","","","","","","","","","No"
"1",",",",","6","O","","","","","","","","","","","","","","","","","","","","","","","","","","","","","","","","","","","","","","","","","","","","","","",""
"1","dvojdílný","dvojdílný","7","O","","","","Inan","","Nom","Pos","","Masc","","","","","Sing","","Pos","","","","","","","","","","","","","","","","","","","","","","","","","","","","","","",""
"1","(","(","8","O","","","","","","","","","","","","","","","","","","","","","","","","","","","","","","","","","","","","","","","","","","","","","","","No"
"1","předhradí","předhradí","9","O","","","","","","Nom","","","Neut","","","","","Sing","","","","","","","","","","","","","","","","","","","","","","","","","","","","","","","","",""
"1","a","a","10","O","","","","","","","","","","","","","","","","","","","","","","","","","","","","","","","","","","","","","","","","","","","","","","",""
"1","vlastní","vlastní","11","O","","","","Inan","","Nom","Pos","","Masc","","","","","Sing","","Pos","","","","","","","","","","","","","","","","","","","","","","","","","","","","","","",""
"1","hradní","hradní","12","O","","","","Inan","","Nom","Pos","","Masc","","","","","Sing","","Pos","","","","","","","","","","","","","","","","","","","","","","","","","","","","","","",""
"1","areál","areál","13","O","","","","Inan","","Nom","","","Masc","","","","","Sing","","","","","","","","","","","","","","","","","","","","","","","","","","","","","","","","","No"
"1",",",",","14","O","","","","","","","","","","","","","","","","","","","","","","","","","","","","","","","","","","","","","","","","","","","","","","",""
"1","patrně","patrně","15","O","","","","","","","Pos","","","","","","","","","Pos","","","","","","","","","","","","","","","","","","","","","","","","","","","","","","",""
"1","plášťový","plášťový","16","O","","","","Inan","","Nom","Pos","","Masc","","","","","Sing","","Pos","","","","","","","","","","","","","","","","","","","","","","","","","","","","","","","No"
"1",")",")","17","O","","","","","","","","","","","","","","","","","","","","","","","","","","","","","","","","","","","","","","","","","","","","","","","No"
"1",".",".","18","O","","","","","","","","","","","","","","","","","","","","","","","","","","","","","","","","","","","","","","","","","","","","","","",""
"1","Patrně","patrně","1","O","","","","","","","Pos","","","","","","","","","Pos","","","","","","","","","","","","","","","","","","","","","","","","","","","","","","",""
"1","založen","založený","2","O","","","","","Perf","","Pos","","Masc","","","","","Sing","","Pos","","","","Short","Part","Pass","","","","","","","","","","","","","","","","","","","","","","","","",""
"1","Tasem","Tas","3","B-ps","Surname","","","Anim","","Ins","","","Masc","","Giv","","","Sing","","","","","","","","","","","","","","","","","","","","","","","","","","","","","","","","",""
"1","ze","z","4","O","","","Voc","","","Gen","","","","","","","","","","","","","","","","","","","","","","","","","","","","","","","","","","","","","","","","",""
"1","Skuhrova","Skuhrov","5","B-gu","Settlement name (City/Town)","","","Inan","","Gen","","","Masc","","Geo","","","Sing","","","","","","","","","","","","","","","","","","","","","","","","","","","","","","","","",""
"1","kolem","kolem","6","O","","","Prep","","","Gen","","","","","","","","","","","","","","","","","","","","","","","","","","","","","","","","","","","","","","","","",""
"1","r","rok","7","O","","Yes","","Inan","","","","","Masc","","","","","","","","","","","","","","","","","","","","","","","","","","","","","","","","","","","","","","No"
"1",".",".","8","O","","","","","","","","","","","","","","","","","","","","","","","","","","","","","","","","","","","","","","","","","","","","","","",""
"1","1320","1320","9","B-ty","Year","","","","","","","","","","","Digit","Card","","","","","","","","","","","","","","","","","","","","","","","","","","","","","","","","","","No"
"1",",",",","10","O","","","","","","","","","","","","","","","","","","","","","","","","","","","","","","","","","","","","","","","","","","","","","","",""
"1","za","za","11","O","","","Prep","","","Gen","","","","","","","","","","","","","","","","","","","","","","","","","","","","","","","","","","","","","","","","",""
"1","Jiřího","Jiří","12","B-P","Complex personal names","","","Anim","","Gen","","","Masc","","Giv","","","Sing","","","","","","","","","","","","","","","","","","","","Yes","","","","","","","","","","","","",""
"1","z","z","13","I-P","Complex personal names","","Prep","","","Gen","","","","","","","","","","","","","","","","","","","","","","","","","","","","","","","","","","","","","","","","",""
"1","Poděbrad","Poděbrady","14","I-P","Complex personal names","","","Inan","","Gen","","","Masc","","Geo","","","Plur","","","","","","","","","","","","","","Yes","","","","","","","","","","","","","","","","","","",""
"1","pustne","pustnout","15","O","","","","","Imp","","","","","Ind","","","","Sing","3","Pos","","","Pres","","Fin","Act","","","","","","","","","","","","","","","","","","","","","","","","","No"
"1",",",",","16","O","","","","","","","","","","","","","","","","","","","","","","","","","","","","","","","","","","","","","","","","","","","","","","",""
"1","v","v","17","O","","","Prep","","","Loc","","","","","","","","","","","","","","","","","","","","","","","","","","","","","","","","","","","","","","","","",""
"1","roce","rok","18","O","","","","Inan","","Loc","","","Masc","","","","","Sing","","","","","","","","","","","","","","","","","","","","","","","","","","","","","","","","",""
"1","1558","1558","19","B-ty","Year","","","","","","","","","","","Digit","Card","","","","","","","","","","","","","","","","","","","","","","","","","","","","","","","","","",""
"1","jmenován","jmenovaný","20","O","","","","","Imp,Perf","","Pos","","Masc","","","","","Sing","","Pos","","","","Short","Part","Pass","","","","","","","","","","","","","","","","","","","","","","","","",""
"1","jako","jako","21","O","","","","","","","","","","","","","","","","","","","","","","","","","","","","","","","","","","","","","","","","","","","","","","",""
"1","pustý","pustý","22","O","","","","Inan","","Nom","Pos","","Masc","","","","","Sing","","Pos","","","","","","","","","","","","","","","","","","","","","","","","","","","","","","",""
"1","(","(","23","O","","","","","","","","","","","","","","","","","","","","","","","","","","","","","","","","","","","","","","","","","","","","","","","No"
"1","Musil","Musil","24","B-ps","Surname","","","Anim","","Nom","","","Masc","","Giv","","","Sing","","","","","","","","","","","","","","","","","","","","","","","","","","","","","","","","","No"
"1",",",",","25","O","","","","","","","","","","","","","","","","","","","","","","","","","","","","","","","","","","","","","","","","","","","","","","",""
"1","F","F","26","B-P","Complex personal names","Yes","","","","","","","","","","","","","","","","","","","","","","","","","","","","","","","","Yes","","","","","","","","","","","","","No"
"1",".",".","27","I-P","Complex personal names","","","","","","","","","","","","","","","","","","","","","","","","","","","","","","","","","","","","","","","","","","","Yes","","","No"
"1",",",",","28","O","","","","","","","","","","","","","","","","","","","","","","","","","","","","","","","","","","","","","","","","","","","","","","",""
"1","Svoboda","Svoboda","29","B-ps","Surname","","","Anim","","Nom","","","Masc","","Giv","","","Sing","","","","","","","","","","","","","","","","","","","","","","","","","","","","","","","","","No"
"1",",",",","30","O","","","","","","","","","","","","","","","","","","","","","","","","","","","","","","","","","","","","","","","","","","","","","","",""
"1","L","L","31","B-P","Complex personal names","Yes","","","","","","","","","","","","","","","","","","","","","","","","","","","","","","","","Yes","","","","","","","","","","","","","No"
"1",".",".","32","I-P","Complex personal names","","","","","","","","","","","","","","","","","","","","","","","","","","","","","","","","","","","","","","","","","","","Yes","","",""
"1","1998","1998","33","I-P","Complex personal names","","","","","","","","","","","Digit","Card","","","","","","","","","","","","","","","","","","","","","","","","","Yes","","","","","","","","","No"
"1",":",":","34","O","","","","","","","","","","","","","","","","","","","","","","","","","","","","","","","","","","","","","","","","","","","","","","",""
"1","Hrady","hrad","35","B-C","Complex bibliographic expression","","","Inan","","Nom","","","Masc","","","","","Plur","","","","","","","","","","","","","","","","","","Yes","","","","","","","","","","","","","","",""
"1","zámky","zámek","36","I-C","Complex bibliographic expression","","","Inan","","Nom","","","Masc","","","","","Plur","","","","","","","","","","","","","","","","","","","","","","","","","","","","Yes","","","","",""
"1","a","a","37","I-C","Complex bibliographic expression","","","","","","","","","","","","","","","","","","","","","","","","","","","","","","","","","","","","","","","","","Yes","","","","",""
"1","tvrze","tvrz","38","I-C","Complex bibliographic expression","","","","","Nom","","","Fem","","","","","Plur","","","","","","","","","","","","","","","","","","","","","","","","","","","","Yes","","","","",""
"1","okresu","okres","39","I-C","Complex bibliographic expression","","","Inan","","Gen","","","Masc","","","","","Sing","","","","","","","","","","","","","","","","","","","","","","","","","","","","Yes","","","","",""
"1","Rychnov","Rychnov","40","I-C","Complex bibliographic expression","","","Inan","","Nom","","","Masc","","Geo","","","Sing","","","","","","","","","","","","","","Yes","","","","","","","","","","","","","","","","","","",""
"1","nad","nad","41","I-C","Complex bibliographic expression","","Prep","","","Ins","","","","","","","","","","","","","","","","","","","","","","Yes","","","","Yes","","","","","","","","","","","","","","",""
"1","Kněžnou","Kněžna","42","I-C","Complex bibliographic expression","","","","","Ins","","","Fem","","Geo","","","Sing","","","","","","","","","","","Yes","","","","","","","","","","","","","","","Yes","","Yes","","","","","No"
"1",",",",","43","I-C","Complex bibliographic expression","","","","","","","","","","","","","","","","","","","","","","","","","","","","","","","","","","","","","","","","","","","","","",""
"1","s","společnost","44","I-C","Complex bibliographic expression","Yes","","","","","","","Fem","","","","","","","","","","","","","","","","","","","","","","","","","","","","","","","","","","","","","","No"
"1",".",".","45","I-C","Complex bibliographic expression","","","","","","","","","","","","","","","","","","","","","","","","","","","","","","","","","","","","","","","","","","","","","",""
"1","153","153","46","I-C","Complex bibliographic expression","","","","","","","","","","","Digit","Card","","","","","","","","","","","","","","","","","","Yes","","","","","","","","","","","","","","","","No"
"1","-","-","47","I-C","Complex bibliographic expression","","","","","","","","","","","","","","","","","","","","","","","","","","","","","","","","","","","","","","","","","","","","","","No"
"1","156","156","48","I-C","Complex bibliographic expression","","","","","","","","","","","Digit","Card","","","","","","","","","","","","","","","","","","Yes","","","","","","","","","","","","","","","","No"
"1",")",")","49","O","","","","","","","","","","","","","","","","","","","","","","","","","","","","","","","","","","","","","","","","","","","","","","","No"
"1",".",".","50","O","","","","","","","","","","","","","","","","","","","","","","","","","","","","","","","","","","","","","","","","","","","","","","",""
"1","Okolnosti","okolnost","1","O","","","","","","Nom","","","Fem","","","","","Plur","","","","","","","","","","","","","","","","","","","","","","","","","","","","","","","","",""
"1","a","a","2","O","","","","","","","","","","","","","","","","","","","","","","","","","","","","","","","","","","","","","","","","","","","","","","",""
"1","cíl","cíl","3","O","","","","Inan","","Nom","","","Masc","","","","","Sing","","","","","","","","","","","","","","","","","","","","","","","","","","","","","","","","",""
"1","výzkumu","výzkum","4","O","","","","Inan","","Gen","","","Masc","","","","","Sing","","","","","","","","","","","","","","","","","","","","","","","","","","","","","","","","",""
"1","Sběr","sběr","5","O","","","","Inan","","Nom","","","Masc","","","","","Sing","","","","","","","","","","","","","","","","","","","","","","","","","","","","","","","","","No"
"1",".",".","6","O","","","","","","","","","","","","","","","","","","","","","","","","","","","","","","","","","","","","","","","","","","","","","","",""
"1","1","1","1","B-ni","Itemizer (1.)","","","","","","","","","","","Digit","Card","","","","","","","","","","","","","","","","","","","","","","","","","","","","","","","","","","No"
"1",".",".","2","O","","","","","","","","","","","","","","","","","","","","","","","","","","","","","","","","","","","","","","","","","","","","","","",""
"1","Sběr","sběr","3","O","","","","Inan","","Nom","","","Masc","","","","","Sing","","","","","","","","","","","","","","","","","","","","","","","","","","","","","","","","",""
"1","J","J","4","B-P","Complex personal names","Yes","","","","","","","","","","","","","","","","","","","","","","","","","","","","","","","","Yes","","","","","","","","","","","","","No"
"1",".",".","5","I-P","Complex personal names","","","","","","","","","","","","","","","","","","","","","","","","","","","","","","","","","","","","","","","","","","","Yes","","",""
"1","Slavík","slavík","6","I-P","Complex personal names","","","Anim","","Nom","","","Masc","","","","","Sing","","","","","","","","","","","","","","","","","","","","","Yes","","","","","","","","","","","","No"
"1",",",",","7","O","","","","","","","","","","","","","","","","","","","","","","","","","","","","","","","","","","","","","","","","","","","","","","",""
"1","Památkový","památkový","8","B-ic","Cult/Educational institution","","","Inan","","Nom","Pos","","Masc","","","","","Sing","","Pos","","","","","","","","","","","","","","","","","","","","","","","","","","","","","","",""
"1","ústav","ústav","9","I-ic","Cult/Educational institution","","","Inan","","Nom","","","Masc","","","","","Sing","","","","","","","","","","","","","","","","","","","","","","","","","","","","","","","","",""
"1","Pardubice","Pardubice","10","I-ic","Cult/Educational institution","","","","","Nom","","","Fem","","Geo","","","Plur","","","","","","","","","","","","","","Yes","","","","","","","","","","","","","","","","","","","No"
"1",".",".","11","O","","","","","","","","","","","","","","","","","","","","","","","","","","","","","","","","","","","","","","","","","","","","","","",""
"1","2","2","1","B-ni","Itemizer (1.)","","","","","","","","","","","Digit","Card","","","","","","","","","","","","","","","","","","","","","","","","","","","","","","","","","","No"
"1",".",".","2","O","","","","","","","","","","","","","","","","","","","","","","","","","","","","","","","","","","","","","","","","","","","","","","",""
"1","Sběr","sběr","1","O","","","","Inan","","Nom","","","Masc","","","","","Sing","","","","","","","","","","","","","","","","","","","","","","","","","","","","","","","","",""
"1","archeologický","archeologický","2","O","","","","Inan","","Nom","Pos","","Masc","","","","","Sing","","Pos","","","","","","","","","","","","","","","","","","","","","","","","","","","","","","",""
"1","kroužek","kroužek","3","O","","","","Inan","","Nom","","","Masc","","","","","Sing","","","","","","","","","","","","","","","","","","","","","","","","","","","","","","","","",""
"1","Villa","Villa","4","B-ic","Cult/Educational institution","","","","","","","Yes","","","","","","","","","","","","","","","","","","","","","","","","","","","","","","","","","","","","","","",""
"1","Nova","Nova","5","I-ic","Cult/Educational institution","","","","","Nom","","","Fem","","Oth","","","Sing","","","","","","","","","","","","","","","","","","","","","","","","","","","","","","","","",""
"1","pod","pod","6","O","","","Prep","","","Ins","","","","","","","","","","","","","","","","","","","","","","","","","","","","","","","","","","","","","","","","",""
"1","vedením","vedení","7","O","","","","","","Ins","","","Neut","","","","","Sing","","","","","","","Vnoun","","","","","","","","","","","","","","","","","","","","","","","","","",""
"1","D","D","8","B-P","Complex personal names","Yes","","","","","","","","","","","","","","","","","","","","","","","","","","","","","","","","Yes","","","","","","","","","","","","","No"
"1",".",".","9","I-P","Complex personal names","","","","","","","","","","","","","","","","","","","","","","","","","","","","","","","","","","","","","","","","","","","Yes","","",""
"1","Vícha","Vích","10","I-P","Complex personal names","","","Anim","","Gen","","","Masc","","Giv","","","Sing","","","","","","","","","","","","","","","","","","","","","Yes","","","","","","","","","","","","No"
"1",".",".","11","O","","","","","","","","","","","","","","","","","","","","","","","","","","","","","","","","","","","","","","","","","","","","","","",""
"1","3","3","1","B-ni","Itemizer (1.)","","","","","","","","","","","Digit","Card","","","","","","","","","","","","","","","","","","","","","","","","","","","","","","","","","","No"
"1",".",".","2","O","","","","","","","","","","","","","","","","","","","","","","","","","","","","","","","","","","","","","","","","","","","","","","",""
"1","Sběr","sběr","3","O","","","","Inan","","Nom","","","Masc","","","","","Sing","","","","","","","","","","","","","","","","","","","","","","","","","","","","","","","","",""
"1","Slavík","slavík","4","O","","","","Anim","","Nom","","","Masc","","","","","Sing","","","","","","","","","","","","","","","","","","","","","","","","","","","","","","","","","No"
"1",",",",","5","O","","","","","","","","","","","","","","","","","","","","","","","","","","","","","","","","","","","","","","","","","","","","","","",""
"1","Památkový","památkový","6","B-ic","Cult/Educational institution","","","Inan","","Nom","Pos","","Masc","","","","","Sing","","Pos","","","","","","","","","","","","","","","","","","","","","","","","","","","","","","",""
"1","ústav","ústav","7","I-ic","Cult/Educational institution","","","Inan","","Nom","","","Masc","","","","","Sing","","","","","","","","","","","","","","","","","","","","","","","","","","","","","","","","",""
"1","Pardubice","Pardubice","8","I-ic","Cult/Educational institution","","","","","Nom","","","Fem","","Geo","","","Plur","","","","","","","","","","","","","","Yes","","","","","","","","","","","","","","","","","","",""
"1","Metoda","metoda","9","O","","","","","","Nom","","","Fem","","","","","Sing","","","","","","","","","","","","","","","","","","","","","","","","","","","","","","","","",""
"1","výzkumu","výzkum","10","O","","","","Inan","","Gen","","","Masc","","","","","Sing","","","","","","","","","","","","","","","","","","","","","","","","","","","","","","","","",""
"1","Povrchový","povrchový","11","O","","","","Inan","","Nom","Pos","","Masc","","","","","Sing","","Pos","","","","","","","","","","","","","","","","","","","","","","","","","","","","","","",""
"1","sběr","sběr","12","O","","","","Inan","","Nom","","","Masc","","","","","Sing","","","","","","","","","","","","","","","","","","","","","","","","","","","","","","","","","No"
"1",".",".","13","O","","","","","","","","","","","","","","","","","","","","","","","","","","","","","","","","","","","","","","","","","","","","","","",""
"1","Zaměření","zaměření","1","O","","","","","","Acc","","","Neut","","","","","Sing","","","","","","","Vnoun","","","","","","","","","","","","","","","","","","","","","","","","","",""
"1","Zaměření","zaměření","2","O","","","","","","Acc","","","Neut","","","","","Sing","","","","","","","Vnoun","","","","","","","","","","","","","","","","","","","","","","","","","",""
"1","provedla","provést","3","O","","","","","Perf","","","","Fem,Neut","","","","","Plur,Sing","","Pos","","","Past","","Part","Act","","","","","","","","","","","","","","","","","","","","","","","","",""
"1","autorka","autorka","4","O","","","","","","Nom","","","Fem","","","","","Sing","","","","","","","","","","","","","","","","","","","","","","","","","","","","","","","","",""
"1","zprávy","zpráva","5","O","","","","","","Gen","","","Fem","","","","","Sing","","","","","","","","","","","","","","","","","","","","","","","","","","","","","","","","",""
"1","dle","dle","6","O","","","Prep","","","Gen","","","","","","","","","","","","","","","","","","","","","","","","","","","","","","","","","","","","","","","","",""
"1","popisu","popis","7","O","","","","Inan","","Gen","","","Masc","","","","","Sing","","","","","","","","","","","","","","","","","","","","","","","","","","","","","","","","",""
"1","sběračů","sběrač","8","O","","","","Anim","","Gen","","","Masc","","","","","Plur","","","","","","","","","","","","","","","","","","","","","","","","","","","","","","","","",""
"1","do","do","9","O","","","Prep","","","Gen","","","","","","","","","","","","","","","","","","","","","","","","","","","","","","","","","","","","","","","","",""
"1","plánů","plán","10","O","","","","Inan","","Gen","","","Masc","","","","","Plur","","","","","","","","","","","","","","","","","","","","","","","","","","","","","","","","",""
"1","hradu","hrad","11","O","","","","Inan","","Gen","","","Masc","","","","","Sing","","","","","","","","","","","","","","","","","","","","","","","","","","","","","","","","","No"
"1",".",".","12","O","","","","","","","","","","","","","","","","","","","","","","","","","","","","","","","","","","","","","","","","","","","","","","",""
"1","Popis","popis","1","O","","","","Inan","","Nom","","","Masc","","","","","Sing","","","","","","","","","","","","","","","","","","","","","","","","","","","","","","","","",""
"1","terénní","terénní","2","O","","","","","","Gen","Pos","","Fem","","","","","Sing","","Pos","","","","","","","","","","","","","","","","","","","","","","","","","","","","","","",""
"1","situace","situace","3","O","","","","","","Gen","","","Fem","","","","","Sing","","","","","","","","","","","","","","","","","","","","","","","","","","","","","","","","",""
"1","1","1","4","B-ni","Itemizer (1.)","","","","","","","","","","","Digit","Card","","","","","","","","","","","","","","","","","","","","","","","","","","","","","","","","","","No"
"1",".",".","5","O","","","","","","","","","","","","","","","","","","","","","","","","","","","","","","","","","","","","","","","","","","","","","","",""
"1","Sběr","sběr","1","O","","","","Inan","","Nom","","","Masc","","","","","Sing","","","","","","","","","","","","","","","","","","","","","","","","","","","","","","","","",""
"1","J","J","2","B-P","Complex personal names","Yes","","","","","","","","","","","","","","","","","","","","","","","","","","","","","","","","Yes","","","","","","","","","","","","","No"
"1",".",".","3","I-P","Complex personal names","","","","","","","","","","","","","","","","","","","","","","","","","","","","","","","","","","","","","","","","","","","Yes","","",""
"1","Slavík","Slavík","4","I-P","Complex personal names","","","Anim","","Nom","","","Masc","","Giv","","","Sing","","","","","","","","","","","","","","","","","","","","","Yes","","","","","","","","","","","",""
"1","nad","nad","5","O","","","Prep","","","Ins","","","","","","","","","","","","","","","","","","","","","","","","","","","","","","","","","","","","","","","","",""
"1","vnitřním","vnitřní","6","O","","","","Inan","","Ins","Pos","","Masc","","","","","Sing","","Pos","","","","","","","","","","","","","","","","","","","","","","","","","","","","","","",""
"1","příkopem","příkop","7","O","","","","Inan","","Ins","","","Masc","","","","","Sing","","","","","","","","","","","","","","","","","","","","","","","","","","","","","","","","",""
"1","jak","jak","8","O","","","","","","","","","","","","","","","","","Int,Rel","","","","","","","","","","","","","","","","","","","","","","","","","","","","","",""
"1","ze","z","9","O","","","Voc","","","Gen","","","","","","","","","","","","","","","","","","","","","","","","","","","","","","","","","","","","","","","","",""
"1","strany","strana","10","O","","","","","","Gen","","","Fem","","","","","Sing","","","","","","","","","","","","","","","","","","","","","","","","","","","","","","","","",""
"1","předhradí","předhradí","11","O","","","","","","Gen","","","Neut","","","","","Sing","","","","","","","","","","","","","","","","","","","","","","","","","","","","","","","","",""
"1","tak","tak","12","O","","","","","","","","","","","","","","","","","Dem","","","","","","","","","","","","","","","","","","","","","","","","","","","","","",""
"1","vlastního","vlastní","13","O","","","","Inan","","Gen","Pos","","Masc","","","","","Sing","","Pos","","","","","","","","","","","","","","","","","","","","","","","","","","","","","","",""
"1","hradu","hrad","14","O","","","","Inan","","Gen","","","Masc","","","","","Sing","","","","","","","","","","","","","","","","","","","","","","","","","","","","","","","","",""
"1","(","(","15","O","","","","","","","","","","","","","","","","","","","","","","","","","","","","","","","","","","","","","","","","","","","","","","","No"
"1","viz","viz","16","O","","","","","Perf","","","","","Imp","","","","Sing","2","Pos","","","","","Fin","","","","","","","","","","","","","","","","","","","","","","","","","",""
"1","plánek","plánek","17","O","","","","Inan","","Acc","","","Masc","","","","","Sing","","","","","","","","","","","","","","","","","","","","","","","","","","","","","","","","",""
"1","polohy","poloha","18","O","","","","","","Gen","","","Fem","","","","","Sing","","","","","","","","","","","","","","","","","","","","","","","","","","","","","","","","",""
"1","1","1","19","B-n_","Number expression (General)","","","","","","","","","","","Digit","Card","","","","","","","","","","","","","","","","","","","","","","","","","","","","","","","","","","No"
"1",")",")","20","O","","","","","","","","","","","","","","","","","","","","","","","","","","","","","","","","","","","","","","","","","","","","","","","No"
"1",".",".","21","O","","","","","","","","","","","","","","","","","","","","","","","","","","","","","","","","","","","","","","","","","","","","","","",""
"1","Nalezeny","nalezený","1","O","","","","Inan","Perf","","Pos","","Fem,Masc","","","","","Plur","","Pos","","","","Short","Part","Pass","","","","","","","","","","","","","","","","","","","","","","","","",""
"1","4","4","2","B-nc","Cardinal number","","","","","","","","","","","Digit","Card","","","","","","","","","","","","","","","","","","","","","","","","","","","","","","","","","",""
"1","fragmenty","fragment","3","O","","","","Inan","","Nom","","","Masc","","","","","Plur","","","","","","","","","","","","","","","","","","","","","","","","","","","","","","","","",""
"1","keramiky","keramika","4","O","","","","","","Gen","","","Fem","","","","","Sing","","","","","","","","","","","","","","","","","","","","","","","","","","","","","","","","","No"
"1",".",".","5","O","","","","","","","","","","","","","","","","","","","","","","","","","","","","","","","","","","","","","","","","","","","","","","",""
"1","5","5","1","B-T","Complex time expressions","","","","","","","","","","","Digit","Card","","","","","","","","","","","","","","","","","","","","","","","Yes","","","","","","","","","","","No"
"1",".",".","2","I-T","Complex time expressions","","","","","","","","","","","","","","","","","","","","","","","","","","","","","","","","","","","","","","","","","","","","Yes","",""
"1","3","3","3","I-T","Complex time expressions","","","","","","","","","","","Digit","Card","","","","","","","","","","","","","","","","","","","","","","","","Yes","","","","","","","","","","No"
"1",".",".","4","I-T","Complex time expressions","","","","","","","","","","","","","","","","","","","","","","","","","","","","","","","","","","","","","","","","","","","","","Yes",""
"1","1998","1998","5","I-T","Complex time expressions","","","","","","","","","","","Digit","Card","","","","","","","","","","","","","","","","","","","","","","","","","Yes","","","","","","","","",""
"1","2","2","6","B-ni","Itemizer (1.)","","","","","","","","","","","Digit","Card","","","","","","","","","","","","","","","","","","","","","","","","","","","","","","","","","","No"
"1",".",".","7","O","","","","","","","","","","","","","","","","","","","","","","","","","","","","","","","","","","","","","","","","","","","","","","",""
"1","Sběr","sběr","1","O","","","","Inan","","Nom","","","Masc","","","","","Sing","","","","","","","","","","","","","","","","","","","","","","","","","","","","","","","","",""
"1","archeologický","archeologický","2","O","","","","Inan","","Nom","Pos","","Masc","","","","","Sing","","Pos","","","","","","","","","","","","","","","","","","","","","","","","","","","","","","",""
"1","kroužek","kroužek","3","O","","","","Inan","","Nom","","","Masc","","","","","Sing","","","","","","","","","","","","","","","","","","","","","","","","","","","","","","","","",""
"1","Villa","Villa","4","B-ic","Cult/Educational institution","","","","","","","Yes","","","","","","","","","","","","","","","","","","","","","","","","","","","","","","","","","","","","","","",""
"1","Nova","Nova","5","I-ic","Cult/Educational institution","","","","","","","Yes","","","","","","","","","","","","","","","","","","","","","","","","","","","","","","","","","","","","","","",""
"1","11","11","6","B-T","Complex time expressions","","","","","","","","","","","Digit","Card","","","","","","","","","","","","","","","","","","","","","","","Yes","","","","","","","","","","","No"
"1",".",".","7","I-T","Complex time expressions","","","","","","","","","","","","","","","","","","","","","","","","","","","","","","","","","","","","","","","","","","","","Yes","",""
"1","8","8","8","I-T","Complex time expressions","","","","","","","","","","","Digit","Card","","","","","","","","","","","","","","","","","","","","","","","","Yes","","","","","","","","","","No"
"1",".",".","9","I-T","Complex time expressions","","","","","","","","","","","","","","","","","","","","","","","","","","","","","","","","","","","","","","","","","","","","","Yes",""
"1","1998","1998","10","I-T","Complex time expressions","","","","","","","","","","","Digit","Card","","","","","","","","","","","","","","","","","","","","","","","","","Yes","","","","","","","","","No"
"1",",",",","11","O","","","","","","","","","","","","","","","","","","","","","","","","","","","","","","","","","","","","","","","","","","","","","","",""
"1","úbočí","úbočí","12","O","","","","","","Nom","","","Neut","","","","","Sing","","","","","","","","","","","","","","","","","","","","","","","","","","","","","","","","",""
"1","hradního","hradní","13","O","","","","Inan","","Gen","Pos","","Masc","","","","","Sing","","Pos","","","","","","","","","","","","","","","","","","","","","","","","","","","","","","",""
"1","kopce","kopec","14","O","","","","Inan","","Gen","","","Masc","","","","","Sing","","","","","","","","","","","","","","","","","","","","","","","","","","","","","","","","",""
"1","směrem","směr","15","O","","","","Inan","","Ins","","","Masc","","","","","Sing","","","","","","","","","","","","","","","","","","","","","","","","","","","","","","","","",""
"1","k","k","16","O","","","Prep","","","Dat","","","","","","","","","","","","","","","","","","","","","","","","","","","","","","","","","","","","","","","","",""
"1","vesnici","vesnice","17","O","","","","","","Dat","","","Fem","","","","","Sing","","","","","","","","","","","","","","","","","","","","","","","","","","","","","","","","",""
"1","(","(","18","O","","","","","","","","","","","","","","","","","","","","","","","","","","","","","","","","","","","","","","","","","","","","","","","No"
"1","viz","viz","19","O","","","","","Perf","","","","","Imp","","","","Sing","2","Pos","","","","","Fin","","","","","","","","","","","","","","","","","","","","","","","","","","No"
"1",".",".","20","O","","","","","","","","","","","","","","","","","","","","","","","","","","","","","","","","","","","","","","","","","","","","","","",""
"1","plánek","plánek","21","O","","","","Inan","","Acc","","","Masc","","","","","Sing","","","","","","","","","","","","","","","","","","","","","","","","","","","","","","","","",""
"1","poloha","poloha","22","O","","","","","","Nom","","","Fem","","","","","Sing","","","","","","","","","","","","","","","","","","","","","","","","","","","","","","","","",""
"1","2","2","23","B-nb","Volu-metric number","","","","","","","","","","","Digit","Card","","","","","","","","","","","","","","","","","","","","","","","","","","","","","","","","","","No"
"1",")",")","24","O","","","","","","","","","","","","","","","","","","","","","","","","","","","","","","","","","","","","","","","","","","","","","","","No"
"1",".",".","25","O","","","","","","","","","","","","","","","","","","","","","","","","","","","","","","","","","","","","","","","","","","","","","","",""
"1","Nalezeno","nalezený","1","O","","","","","Perf","","Pos","","Neut","","","","","Sing","","Pos","","","","Short","Part","Pass","","","","","","","","","","","","","","","","","","","","","","","","",""
"1","14","14","2","B-nc","Cardinal number","","","","","","","","","","","Digit","Card","","","","","","","","","","","","","","","","","","","","","","","","","","","","","","","","","",""
"1","drobnějších","drobný","3","O","","","","Inan","","Gen","Cmp","","Masc","","","","","Plur","","Pos","","","","","","","","","","","","","","","","","","","","","","","","","","","","","","",""
"1","fragmentů","fragment","4","O","","","","Inan","","Gen","","","Masc","","","","","Plur","","","","","","","","","","","","","","","","","","","","","","","","","","","","","","","","","No"
"1",",",",","5","O","","","","","","","","","","","","","","","","","","","","","","","","","","","","","","","","","","","","","","","","","","","","","","",""
"1","okraje","okraj","6","O","","","","Inan","","Nom","","","Masc","","","","","Plur","","","","","","","","","","","","","","","","","","","","","","","","","","","","","","","","",""
"1","a","a","7","O","","","","","","","","","","","","","","","","","","","","","","","","","","","","","","","","","","","","","","","","","","","","","","",""
"1","zl","zl","8","O","","Yes","","","","","","","","","","","","","","","","","","","","","","","","","","","","","","","","","","","","","","","","","","","","","No"
"1",".",".","9","O","","","","","","","","","","","","","","","","","","","","","","","","","","","","","","","","","","","","","","","","","","","","","","",""
"1","zásobnice","zásobnice","10","O","","","","","","Nom","","","Fem","","","","","Plur","","","","","","","","","","","","","","","","","","","","","","","","","","","","","","","","","No"
"1",",",",","11","O","","","","","","","","","","","","","","","","","","","","","","","","","","","","","","","","","","","","","","","","","","","","","","",""
"1","vše","všechen","12","O","","","","","","Nom","","","Neut","","","","","Sing","","","Tot","","","","","","","","","","","","","","","","","","","","","","","","","","","","","",""
"1","14","14","13","B-no","Ordinal number","","","","","","","","","","","Digit","Card","","","","","","","","","","","","","","","","","","","","","","","","","","","","","","","","","","No"
"1",".",".","14","I-no","Ordinal number","","","","","","","","","","","","","","","","","","","","","","","","","","","","","","","","","","","","","","","","","","","","","",""
"1","-","-","15","O","","","","","","","","","","","","","","","","","","","","","","","","","","","","","","","","","","","","","","","","","","","","","","","No"
"1","15","15","16","B-no","Ordinal number","","","","","","","","","","","Digit","Card","","","","","","","","","","","","","","","","","","","","","","","","","","","","","","","","","","No"
"1",".",".","17","I-no","Ordinal number","","","","","","","","","","","","","","","","","","","","","","","","","","","","","","","","","","","","","","","","","","","","","",""
"1","stol","stol","18","O","","Yes","","","","","","","Neut","","","","","","","","","","","","","","","","","","","","","","","","","","","","","","","","","","","","","","No"
"1",".",".","19","O","","","","","","","","","","","","","","","","","","","","","","","","","","","","","","","","","","","","","","","","","","","","","","",""
"1","3","3","20","B-no","Ordinal number","","","","","","","","","","","Digit","Card","","","","","","","","","","","","","","","","","","","","","","","","","","","","","","","","","","No"
"1",".",".","21","I-no","Ordinal number","","","","","","","","","","","","","","","","","","","","","","","","","","","","","","","","","","","","","","","","","","","","","",""
"1","Sběr","sběr","1","O","","","","Inan","","Nom","","","Masc","","","","","Sing","","","","","","","","","","","","","","","","","","","","","","","","","","","","","","","","",""
"1","J","J","2","B-P","Complex personal names","Yes","","","","","","","","","","","","","","","","","","","","","","","","","","","","","","","","Yes","","","","","","","","","","","","","No"
"1",".",".","3","I-P","Complex personal names","","","","","","","","","","","","","","","","","","","","","","","","","","","","","","","","","","","","","","","","","","","Yes","","",""
"1","Slavík","slavík","4","I-P","Complex personal names","","","Anim","","Nom","","","Masc","","","","","Sing","","","","","","","","","","","","","","","","","","","","","Yes","","","","","","","","","","","","No"
"1",",",",","5","O","","","","","","","","","","","","","","","","","","","","","","","","","","","","","","","","","","","","","","","","","","","","","","",""
"1","jádro","jádro","6","O","","","","","","Nom","","","Neut","","","","","Sing","","","","","","","","","","","","","","","","","","","","","","","","","","","","","","","","",""
"1","hradu","hrad","7","O","","","","Inan","","Gen","","","Masc","","","","","Sing","","","","","","","","","","","","","","","","","","","","","","","","","","","","","","","","",""
"1","(","(","8","O","","","","","","","","","","","","","","","","","","","","","","","","","","","","","","","","","","","","","","","","","","","","","","","No"
"1","viz","viz","9","O","","","","","Perf","","","","","Imp","","","","Sing","2","Pos","","","","","Fin","","","","","","","","","","","","","","","","","","","","","","","","","",""
"1","plánek","plánek","10","O","","","","Inan","","Acc","","","Masc","","","","","Sing","","","","","","","","","","","","","","","","","","","","","","","","","","","","","","","","",""
"1","polohy","poloha","11","O","","","","","","Gen","","","Fem","","","","","Sing","","","","","","","","","","","","","","","","","","","","","","","","","","","","","","","","",""
"1","3","3","12","B-n_","Number expression (General)","","","","","","","","","","","Digit","Card","","","","","","","","","","","","","","","","","","","","","","","","","","","","","","","","","","No"
"1",")",")","13","O","","","","","","","","","","","","","","","","","","","","","","","","","","","","","","","","","","","","","","","","","","","","","","","No"
"1",".",".","14","O","","","","","","","","","","","","","","","","","","","","","","","","","","","","","","","","","","","","","","","","","","","","","","",""
"1","Nalezeny","nalezený","1","O","","","","Inan","Perf","","Pos","","Fem,Masc","","","","","Plur","","Pos","","","","Short","Part","Pass","","","","","","","","","","","","","","","","","","","","","","","","",""
"1","3","3","2","B-nc","Cardinal number","","","","","","","","","","","Digit","Card","","","","","","","","","","","","","","","","","","","","","","","","","","","","","","","","","",""
"1","fragmenty","fragment","3","O","","","","Inan","","Nom","","","Masc","","","","","Plur","","","","","","","","","","","","","","","","","","","","","","","","","","","","","","","","",""
"1","keramiky","keramika","4","O","","","","","","Gen","","","Fem","","","","","Sing","","","","","","","","","","","","","","","","","","","","","","","","","","","","","","","","","No"
"1",".",".","5","O","","","","","","","","","","","","","","","","","","","","","","","","","","","","","","","","","","","","","","","","","","","","","","",""
"1","5","5","1","B-T","Complex time expressions","","","","","","","","","","","Digit","Card","","","","","","","","","","","","","","","","","","","","","","","Yes","","","","","","","","","","","No"
"1",".",".","2","I-T","Complex time expressions","","","","","","","","","","","","","","","","","","","","","","","","","","","","","","","","","","","","","","","","","","","","Yes","",""
"1","3","3","3","I-T","Complex time expressions","","","","","","","","","","","Digit","Card","","","","","","","","","","","","","","","","","","","","","","","","Yes","","","","","","","","","","No"
"1",".",".","4","I-T","Complex time expressions","","","","","","","","","","","","","","","","","","","","","","","","","","","","","","","","","","","","","","","","","","","","","Yes","No"
"1","1998","1998","5","I-T","Complex time expressions","","","","","","","","","","","Digit","Card","","","","","","","","","","","","","","","","","","","","","","","","","Yes","","","","","","","","",""
"1","Zhodnocení","zhodnocení","6","O","","","","","","Nom","","","Neut","","","","","Sing","","","","","","","Vnoun","","","","","","","","","","","","","","","","","","","","","","","","","",""
"1","a","a","7","O","","","","","","","","","","","","","","","","","","","","","","","","","","","","","","","","","","","","","","","","","","","","","","",""
"1","interpretace","interpretace","8","O","","","","","","Nom","","","Fem","","","","","Sing","","","","","","","","","","","","","","","","","","","","","","","","","","","","","","","","",""
"1","výsledků","výsledek","9","O","","","","Inan","","Gen","","","Masc","","","","","Plur","","","","","","","","","","","","","","","","","","","","","","","","","","","","","","","","",""
"1","výzkumu","výzkum","10","O","","","","Inan","","Gen","","","Masc","","","","","Sing","","","","","","","","","","","","","","","","","","","","","","","","","","","","","","","","",""
"1","Nalezeny","nalezený","11","O","","","","Inan","Perf","","Pos","","Fem,Masc","","","","","Plur","","Pos","","","","Short","Part","Pass","","","","","","","","","","","","","","","","","","","","","","","","",""
"1","zlomky","zlomek","12","O","","","","Inan","","Nom","","","Masc","","","","","Plur","","","","","","","","","","","","","","","","","","","","","","","","","","","","","","","","",""
"1","keramiky","keramika","13","O","","","","","","Gen","","","Fem","","","","","Sing","","","","","","","","","","","","","","","","","","","","","","","","","","","","","","","","",""
"1","z","z","14","O","","","Prep","","","Gen","","","","","","","","","","","","","","","","","","","","","","","","","","","","","","","","","","","","","","","","",""
"1","kulturních","kulturní","15","O","","","","","","Gen","Pos","","Fem","","","","","Plur","","Pos","","","","","","","","","","","","","","","","","","","","","","","","","","","","","","",""
"1","vrstev","vrstva","16","O","","","","","","Gen","","","Fem","","","","","Plur","","","","","","","","","","","","","","","","","","","","","","","","","","","","","","","","",""
"1","existence","existence","17","O","","","","","","Gen","","","Fem","","","","","Sing","","","","","","","","","","","","","","","","","","","","","","","","","","","","","","","","",""
"1","hradu","hrad","18","O","","","","Inan","","Gen","","","Masc","","","","","Sing","","","","","","","","","","","","","","","","","","","","","","","","","","","","","","","","","No"
"1",",",",","19","O","","","","","","","","","","","","","","","","","","","","","","","","","","","","","","","","","","","","","","","","","","","","","","",""
"1","14","14","20","B-no","Ordinal number","","","","","","","","","","","Digit","Card","","","","","","","","","","","","","","","","","","","","","","","","","","","","","","","","","","No"
"1",".",".","21","I-no","Ordinal number","","","","","","","","","","","","","","","","","","","","","","","","","","","","","","","","","","","","","","","","","","","","","",""
"1","-","-","22","O","","","","","","","","","","","","","","","","","","","","","","","","","","","","","","","","","","","","","","","","","","","","","","","No"
"1","15","15","23","B-no","Ordinal number","","","","","","","","","","","Digit","Card","","","","","","","","","","","","","","","","","","","","","","","","","","","","","","","","","","No"
"1",".",".","24","I-no","Ordinal number","","","","","","","","","","","","","","","","","","","","","","","","","","","","","","","","","","","","","","","","","","","","","",""
"1","stol","stol","25","O","","Yes","","","","","","","Neut","","","","","","","","","","","","","","","","","","","","","","","","","","","","","","","","","","","","","","No"
"1",".",".","26","O","","","","","","","","","","","","","","","","","","","","","","","","","","","","","","","","","","","","","","","","","","","","","","","No"
"1",",",",","27","O","","","","","","","","","","","","","","","","","","","","","","","","","","","","","","","","","","","","","","","","","","","","","","",""
"1","naprostá","naprostý","28","O","","","","","","Nom","Pos","","Fem","","","","","Sing","","Pos","","","","","","","","","","","","","","","","","","","","","","","","","","","","","","",""
"1","převaha","převaha","29","O","","","","","","Nom","","","Fem","","","","","Sing","","","","","","","","","","","","","","","","","","","","","","","","","","","","","","","","",""
"1","zl","zl","30","O","","Yes","","Inan","","","","","Masc","","","","","","","","","","","","","","","","","","","","","","","","","","","","","","","","","","","","","","No"
"1",".",".","31","O","","","","","","","","","","","","","","","","","","","","","","","","","","","","","","","","","","","","","","","","","","","","","","",""
"1","z","z","32","O","","","Prep","","","Gen","","","","","","","","","","","","","","","","","","","","","","","","","","","","","","","","","","","","","","","","",""
"1","15","15","33","B-no","Ordinal number","","","","","","","","","","","Digit","Card","","","","","","","","","","","","","","","","","","","","","","","","","","","","","","","","","","No"
"1",".",".","34","I-no","Ordinal number","","","","","","","","","","","","","","","","","","","","","","","","","","","","","","","","","","","","","","","","","","","","","",""
"1","stol","stol","35","O","","Yes","","Inan","","","","","Masc","","","","","","","","","","","","","","","","","","","","","","","","","","","","","","","","","","","","","","No"
"1",".",".","36","O","","","","","","","","","","","","","","","","","","","","","","","","","","","","","","","","","","","","","","","","","","","","","","",""
"1","Seznam","seznam","37","O","","","","Inan","","Acc","","","Masc","","","","","Sing","","","","","","","","","","","","","","","","","","","","","","","","","","","","","","","","",""
"1","nálezů","nález","38","O","","","","Inan","","Gen","","","Masc","","","","","Plur","","","","","","","","","","","","","","","","","","","","","","","","","","","","","","","","",""
"1","Viz","viz","39","O","","","","","Perf","","","","","Imp","","","","Sing","2","Pos","","","","","Fin","","","","","","","","","","","","","","","","","","","","","","","","","",""
"1","příloha","příloha","40","O","","","","","","Nom","","","Fem","","","","","Sing","","","","","","","","","","","","","","","","","","","","","","","","","","","","","","","","",""
"1","Přír","přír","41","O","","Yes","","Inan","","","","","Masc","","","","","","","","","","","","","","","","","","","","","","","","","","","","","","","","","","","","","","No"
"1",".",".","42","O","","","","","","","","","","","","","","","","","","","","","","","","","","","","","","","","","","","","","","","","","","","","","","","No"
"1","č","číslo","43","O","","Yes","","","","","","","Neut","","","","","","","","","","","","","","","","","","","","","","","","","","","","","","","","","","","","","","No"
"1",".",".","44","O","","","","","","","","","","","","","","","","","","","","","","","","","","","","","","","","","","","","","","","","","","","","","","",""
"1","Název","název","1","O","","","","Inan","","Nom","","","Masc","","","","","Sing","","","","","","","","","","","","","","","","","","","","","","","","","","","","","","","","",""
"1","Počet","počet","2","O","","","","Inan","","Nom","","","Masc","","","","","Sing","","","","","","","","","","","","","","","","","","","","","","","","","","","","","","","","",""
"1","Výzkum","výzkum","3","O","","","","Inan","","Nom","","","Masc","","","","","Sing","","","","","","","","","","","","","","","","","","","","","","","","","","","","","","","","",""
"1","Poloha","poloha","4","O","","","","","","Nom","","","Fem","","","","","Sing","","","","","","","","","","","","","","","","","","","","","","","","","","","","","","","","",""
"1","Inv","taknvaný","5","O","","Yes","","","","","Pos","","","","","","","","","Pos","","","","","","","","","","","","","","","","","","","","","","","","","","","","","","","No"
"1",".",".","6","O","","","","","","","","","","","","","","","","","","","","","","","","","","","","","","","","","","","","","","","","","","","","","","",""
"1","č","číslo","7","O","","Yes","","","","","","","Neut","","","","","","","","","","","","","","","","","","","","","","","","","","","","","","","","","","","","","","No"
"1",".",".","8","O","","","","","","","","","","","","","","","","","","","","","","","","","","","","","","","","","","","","","","","","","","","","","","",""
"1","Poznámka","poznámka","9","O","","","","","","Nom","","","Fem","","","","","Sing","","","","","","","","","","","","","","","","","","","","","","","","","","","","","","","","",""
"1","A","A","10","O","","Yes","","","","","","","","","","","","","","","","","","","","","","","","","","","","","","","","","","","","","","","","","","","","","No"
"1","678","678","11","B-n_","Number expression (General)","","","","","","","","","","","Digit","Card","","","","","","","","","","","","","","","","","","","","","","","","","","","","","","","","","","No"
"1","/","/","12","O","","","","","","","","","","","","","","","","","","","","","","","","","","","","","","","","","","","","","","","","","","","","","","","No"
"1","2015","2015","13","B-ty","Year","","","","","","","","","","","Digit","Card","","","","","","","","","","","","","","","","","","","","","","","","","","","","","","","","","",""
"1","keramika","keramika","14","O","","","","","","Nom","","","Fem","","","","","Sing","","","","","","","","","","","","","","","","","","","","","","","","","","","","","","","","",""
"1","4","4","15","B-n_","Number expression (General)","","","","","","","","","","","Digit","Card","","","","","","","","","","","","","","","","","","","","","","","","","","","","","","","","","",""
"1","Skuhrov","Skuhrov","16","B-gu","Settlement name (City/Town)","","","Inan","","Nom","","","Masc","","Geo","","","Sing","","","","","","","","","","","","","","","","","","","","","","","","","","","","","","","","",""
"1","hrad","hrad","17","O","","","","Inan","","Nom","","","Masc","","","","","Sing","","","","","","","","","","","","","","","","","","","","","","","","","","","","","","","","",""
"1","sběr","sběr","18","O","","","","Inan","","Nom","","","Masc","","","","","Sing","","","","","","","","","","","","","","","","","","","","","","","","","","","","","","","","",""
"1","Slavík","slavík","19","B-ps","Surname","","","Anim","","Nom","","","Masc","","","","","Sing","","","","","","","","","","","","","","","","","","","","","","","","","","","","","","","","",""
"1","J","J","20","B-P","Complex personal names","Yes","","","","","","","","","","","","","","","","","","","","","","","","","","","","","","","","Yes","","","","","","","","","","","","","No"
"1",".",".","21","I-P","Complex personal names","","","","","","","","","","","","","","","","","","","","","","","","","","","","","","","","","","","","","","","","","","","Yes","","",""
"1","(","(","22","O","","","","","","","","","","","","","","","","","","","","","","","","","","","","","","","","","","","","","","","","","","","","","","","No"
"1","viz","viz","23","O","","","","","Perf","","","","","Imp","","","","Sing","2","Pos","","","","","Fin","","","","","","","","","","","","","","","","","","","","","","","","","","No"
"1",".",".","24","O","","","","","","","","","","","","","","","","","","","","","","","","","","","","","","","","","","","","","","","","","","","","","","",""
"1","NZ","NZ","25","B-C","Complex bibliographic expression","Yes","","","","","","","","","","","","","","","","","","","","","","","","","","","","Yes","","","","","","","","","","","","","","","","",""
"1","Skuhrov","Skuhrov","26","I-C","Complex bibliographic expression","","","Inan","","Nom","","","Masc","","Geo","","","Sing","","","","","","","","","","","","","","Yes","","","","","","","","","","","","","","","","","","",""
"1","1998","1998","27","I-C","Complex bibliographic expression","","","","","","","","","","","Digit","Card","","","","","","","","","","","","","","","","","","","","","","","","","Yes","","","","","","","","","No"
"1",",",",","28","I-C","Complex bibliographic expression","","","","","","","","","","","","","","","","","","","","","","","","","","","","","","","","","","","","","","","","","","","","","",""
"1","poloha","poloha","29","I-C","Complex bibliographic expression","","","","","Nom","","","Fem","","","","","Sing","","","","","","","","","","","","","","","","","","","","","","","","","","","","","","","","",""
"1","1","1","30","I-C","Complex bibliographic expression","","","","","","","","","","","Digit","Card","","","","","","","","","","","","","","","","","","Yes","","","","","","","","","","","","","","","","No"
"1",")",")","31","I-C","Complex bibliographic expression","","","","","","","","","","","","","","","","","","","","","","","","","","","","","","","","","","","","","","","","","","","","","",""
"1","A","A","32","I-C","Complex bibliographic expression","Yes","","","","","","","","","","","","","","","","","","","","","","","","","","","","","","","","","","","","","","","","","","","","","No"
"1","1737","1737","33","I-C","Complex bibliographic expression","","","","","","","","","","","Digit","Card","","","","","","","","","","","","","","","","","","Yes","","","","","","","","","","","","","","","",""
"1","3","3","34","I-C","Complex bibliographic expression","","","","","","","","","","","Digit","Card","","","","","","","","","","","","","","","","","","","","","","","","","","","","","","","","","",""
"1","atypické","atypický","35","O","","","","Inan","","Nom","Pos","","Masc","","","","","Plur","","Pos","","","","","","","","","","","","","","","","","","","","","","","","","","","","","","",""
"1","zlomky","zlomek","36","O","","","","Inan","","Nom","","","Masc","","","","","Plur","","","","","","","","","","","","","","","","","","","","","","","","","","","","","","","","",""
"1","z","z","37","O","","","Prep","","","Gen","","","","","","","","","","","","","","","","","","","","","","","","","","","","","","","","","","","","","","","","",""
"1","výdutí","výdutí","38","O","","","","","","Gen","","","Fem","","","","","Plur","","","","","","","","","","","","","","","","","","","","","","","","","","","","","","","","",""
"1","nepolévaných","polévaný","39","O","","","","","","Gen","Pos","","Fem","","","","","Plur","","Neg","","","","","Part","Pass","","","","","","","","","","","","","","","","","","","","","","","","",""
"1","nádob","nádoba","40","O","","","","","","Gen","","","Fem","","","","","Plur","","","","","","","","","","","","","","","","","","","","","","","","","","","","","","","","","No"
"1",",",",","41","O","","","","","","","","","","","","","","","","","","","","","","","","","","","","","","","","","","","","","","","","","","","","","","",""
"1","prakticky","prakticky","42","O","","","","","","","Pos","","","","","","","","","Pos","","","","","","","","","","","","","","","","","","","","","","","","","","","","","","",""
"1","bílé","bílý","43","O","","","","","","Nom","Pos","","Neut","","","","","Sing","","Pos","","","","","","","","","","","","","","","","","","","","","","","","","","","","","","",""
"1","zboží","zboží","44","O","","","","","","Nom","","","Neut","","","","","Sing","","","","","","","","","","","","","","","","","","","","","","","","","","","","","","","","","No"
"1",",",",","45","O","","","","","","","","","","","","","","","","","","","","","","","","","","","","","","","","","","","","","","","","","","","","","","",""
"1","2","2","46","B-no","Ordinal number","","","","","","","","","","","Digit","Card","","","","","","","","","","","","","","","","","","","","","","","","","","","","","","","","","","No"
"1",".",".","47","I-no","Ordinal number","","","","","","","","","","","","","","","","","","","","","","","","","","","","","","","","","","","","","","","","","","","","","",""
"1","pol","polovina","48","O","","Yes","","","","","","","Fem","","","","","","","","","","","","","","","","","","","","","","","","","","","","","","","","","","","","","","No"
"1",".",".","49","O","","","","","","","","","","","","","","","","","","","","","","","","","","","","","","","","","","","","","","","","","","","","","","",""
"1","15","15","50","B-no","Ordinal number","","","","","","","","","","","Digit","Card","","","","","","","","","","","","","","","","","","","","","","","","","","","","","","","","","","No"
"1",".",".","51","I-no","Ordinal number","","","","","","","","","","","","","","","","","","","","","","","","","","","","","","","","","","","","","","","","","","","","","",""
"1","stol","stol","52","O","","Yes","","","","","","","Neut","","","","","","","","","","","","","","","","","","","","","","","","","","","","","","","","","","","","","","No"
"1",".",".","53","O","","","","","","","","","","","","","","","","","","","","","","","","","","","","","","","","","","","","","","","","","","","","","","",""
"1","+","+","54","O","","","","","","","","","","","","","","","","","","","","","","","","","","","","","","","","","","","","","","","","","","","","","","",""
"1","zlomek","zlomek","55","O","","","","Inan","","Nom","","","Masc","","","","","Sing","","","","","","","","","","","","","","","","","","","","","","","","","","","","","","","","",""
"1","okraje","okraj","56","O","","","","Inan","","Gen","","","Masc","","","","","Sing","","","","","","","","","","","","","","","","","","","","","","","","","","","","","","","","",""
"1","-","-","57","O","","","","","","","","","","","","","","","","","","","","","","","","","","","","","","","","","","","","","","","","","","","","","","",""
"1","velmi","velmi","58","O","","","","","","","","","","","","","","","","","","","","","","","","","","","","","","","","","","","","","","","","","","","","","","",""
"1","nizké","nizký","59","O","","","","","","Nom","Pos","","Neut","","","","","Sing","","Pos","","","","","","","","","","","","","","","","","","","","","","","","","","","","","","",""
"1","vysazené","vysazený","60","O","","","","","","Nom","Pos","","Neut","","","","","Sing","","Pos","","","","","Part","Pass","","","","","","","","","","","","","","","","","","","","","","","","",""
"1","okruží","okruží","61","O","","","","","","Nom","","","Neut","","","","","Sing","","","","","","","","","","","","","","","","","","","","","","","","","","","","","","","","","No"
"1",",",",","62","O","","","","","","","","","","","","","","","","","","","","","","","","","","","","","","","","","","","","","","","","","","","","","","",""
"1","červená","červený","63","O","","","","","","Nom","Pos","","Fem","","","","","Sing","","Pos","","","","","","","","","","","","","","","","","","","","","","","","","","","","","","",""
"1","linka","linka","64","O","","","","","","Nom","","","Fem","","","","","Sing","","","","","","","","","","","","","","","","","","","","","","","","","","","","","","","","",""
"1","na","na","65","O","","","Prep","","","Loc","","","","","","","","","","","","","","","","","","","","","","","","","","","","","","","","","","","","","","","","",""
"1","okruží","okruží","66","O","","","","","","Loc","","","Neut","","","","","Sing","","","","","","","","","","","","","","","","","","","","","","","","","","","","","","","","","No"
"1",",",",","67","O","","","","","","","","","","","","","","","","","","","","","","","","","","","","","","","","","","","","","","","","","","","","","","",""
"1","další","další","68","O","","","","","","Nom","Pos","","Neut","","","","","Sing","","Pos","","","","","","","","","","","","","","","","","","","","","","","","","","","","","","",""
"1","na","na","69","O","","","Prep","","","Loc","","","","","","","","","","","","","","","","","","","","","","","","","","","","","","","","","","","","","","","","",""
"1","podhrdlí","podhrdlí","70","O","","","","","","Loc","","","Neut","","","","","Sing","","","","","","","","","","","","","","","","","","","","","","","","","","","","","","","","","No"
"1",",",",","71","O","","","","","","","","","","","","","","","","","","","","","","","","","","","","","","","","","","","","","","","","","","","","","","",""
"1","váha","váha","72","O","","","","","","Nom","","","Fem","","","","","Sing","","","","","","","","","","","","","","","","","","","","","","","","","","","","","","","","",""
"1","90","90","73","B-nc","Cardinal number","","","","","","","","","","","Digit","Card","","","","","","","","","","","","","","","","","","","","","","","","","","","","","","","","","","No"
"1",",",",","74","O","","","","","","","","","","","","","","","","","","","","","","","","","","","","","","","","","","","","","","","","","","","","","","","No"
"1","9","9","75","B-nc","Cardinal number","","","","","","","","","","","Digit","Card","","","","","","","","","","","","","","","","","","","","","","","","","","","","","","","","","","No"
"1","g","gok","76","B-oe","Measure unit","Yes","","Inan","","","","","Masc","","","","","","","","","","","","","","","","","","","","","","","","","","","","","","","","","","","","","","No"
"1",".",".","77","O","","","","","","","","","","","","","","","","","","","","","","","","","","","","","","","","","","","","","","","","","","","","","","",""
"1","A","A","78","O","","Yes","","","","","","","","","","","","","","","","","","","","","","","","","","","","","","","","","","","","","","","","","","","","","No"
"1","679","679","79","B-n_","Number expression (General)","","","","","","","","","","","Digit","Card","","","","","","","","","","","","","","","","","","","","","","","","","","","","","","","","","","No"
"1","/","/","80","O","","","","","","","","","","","","","","","","","","","","","","","","","","","","","","","","","","","","","","","","","","","","","","","No"
"1","2015","2015","81","B-ty","Year","","","","","","","","","","","Digit","Card","","","","","","","","","","","","","","","","","","","","","","","","","","","","","","","","","",""
"1","keramika","keramika","82","O","","","","","","Nom","","","Fem","","","","","Sing","","","","","","","","","","","","","","","","","","","","","","","","","","","","","","","","",""
"1","23","23","83","B-n_","Number expression (General)","","","","","","","","","","","Digit","Card","","","","","","","","","","","","","","","","","","","","","","","","","","","","","","","","","",""
"1","Skuhrov","Skuhrov","84","B-gu","Settlement name (City/Town)","","","Inan","","Nom","","","Masc","","Geo","","","Sing","","","","","","","","","","","","","","","","","","","","","","","","","","","","","","","","",""
"1","hrad","hrad","85","O","","","","Inan","","Nom","","","Masc","","","","","Sing","","","","","","","","","","","","","","","","","","","","","","","","","","","","","","","","",""
"1","sběr","sběr","86","O","","","","Inan","","Nom","","","Masc","","","","","Sing","","","","","","","","","","","","","","","","","","","","","","","","","","","","","","","","",""
"1","arch","arch","87","O","","Yes","","","","","Pos","","","","","","","","","Pos","","","","","","","","","","","","","","","","","","","","","","","","","","","","","","","No"
"1",".",".","88","O","","","","","","","","","","","","","","","","","","","","","","","","","","","","","","","","","","","","","","","","","","","","","","",""
"1","kroužek","kroužek","89","O","","","","Inan","","Nom","","","Masc","","","","","Sing","","","","","","","","","","","","","","","","","","","","","","","","","","","","","","","","","No"
"1","(","(","90","O","","","","","","","","","","","","","","","","","","","","","","","","","","","","","","","","","","","","","","","","","","","","","","","No"
"1","viz","viz","91","O","","","","","Perf","","","","","Imp","","","","Sing","2","Pos","","","","","Fin","","","","","","","","","","","","","","","","","","","","","","","","","","No"
"1",".",".","92","O","","","","","","","","","","","","","","","","","","","","","","","","","","","","","","","","","","","","","","","","","","","","","","",""
"1","NZ","NZ","1","B-ic","Cult/Educational institution","Yes","","","","","","","","","","","","","","","","","","","","","","","","","","","","","","","","","","","","","","","","","","","","",""
"1","Skuhrov","Skuhrov","2","I-ic","Cult/Educational institution","","","Inan","","Nom","","","Masc","","Geo","","","Sing","","","","","","","","","","","","","","Yes","","","","","","","","","","","","","","","","","","",""
"1","1998","1998","3","I-ic","Cult/Educational institution","","","","","","","","","","","Digit","Card","","","","","","","","","","","","","","","","","","","","","","","","","Yes","","","","","","","","","No"
"1",",",",","4","O","","","","","","","","","","","","","","","","","","","","","","","","","","","","","","","","","","","","","","","","","","","","","","","No"
"1","poloha","poloha","5","O","","","","","","Nom","","","Fem","","","","","Sing","","","","","","","","","","","","","","","","","","","","","","","","","","","","","","","","",""
"1","2","2","6","B-n_","Number expression (General)","","","","","","","","","","","Digit","Card","","","","","","","","","","","","","","","","","","","","","","","","","","","","","","","","","","No"
"1",")",")","7","O","","","","","","","","","","","","","","","","","","","","","","","","","","","","","","","","","","","","","","","","","","","","","","",""
"1","A","A","8","O","","Yes","","","","","","","","","","","","","","","","","","","","","","","","","","","","","","","","","","","","","","","","","","","","","No"
"1","1738","1738","9","B-n_","Number expression (General)","","","","","","","","","","","Digit","Card","","","","","","","","","","","","","","","","","","","","","","","","","","","","","","","","","",""
"1","14","14","10","B-nc","Cardinal number","","","","","","","","","","","Digit","Card","","","","","","","","","","","","","","","","","","","","","","","","","","","","","","","","","",""
"1","atypických","atypický","11","O","","","","Inan","","Gen","Pos","","Masc","","","","","Plur","","Pos","","","","","","","","","","","","","","","","","","","","","","","","","","","","","","",""
"1","zlomků","zlomek","12","O","","","","Inan","","Gen","","","Masc","","","","","Plur","","","","","","","","","","","","","","","","","","","","","","","","","","","","","","","","",""
"1","keramiky","keramika","13","O","","","","","","Gen","","","Fem","","","","","Sing","","","","","","","","","","","","","","","","","","","","","","","","","","","","","","","","",""
"1","14","14","14","B-no","Ordinal number","","","","","","","","","","","Digit","Card","","","","","","","","","","","","","","","","","","","","","","","","","","","","","","","","","","No"
"1",".",".","15","I-no","Ordinal number","","","","","","","","","","","","","","","","","","","","","","","","","","","","","","","","","","","","","","","","","","","","","","No"
"1","/","/","16","O","","","","","","","","","","","","","","","","","","","","","","","","","","","","","","","","","","","","","","","","","","","","","","","No"
"1","15","15","17","B-no","Ordinal number","","","","","","","","","","","Digit","Card","","","","","","","","","","","","","","","","","","","","","","","","","","","","","","","","","","No"
"1",".",".","18","I-no","Ordinal number","","","","","","","","","","","","","","","","","","","","","","","","","","","","","","","","","","","","","","","","","","","","","",""
"1","st","stupeň","19","O","","Yes","","Inan","","","","","Masc","","","","","","","","","","","","","","","","","","","","","","","","","","","","","","","","","","","","","","No"
"1",".",".","20","O","","","","","","","","","","","","","","","","","","","","","","","","","","","","","","","","","","","","","","","","","","","","","","",""
"1","+","+","21","O","","","","","","","","","","","","","","","","","","","","","","","","","","","","","","","","","","","","","","","","","","","","","","",""
"1","1","1","22","B-nc","Cardinal number","","","","","","","","","","","Digit","Card","","","","","","","","","","","","","","","","","","","","","","","","","","","","","","","","","",""
"1","zl","zl","23","O","","Yes","","Inan","","","","","Masc","","","","","","","","","","","","","","","","","","","","","","","","","","","","","","","","","","","","","","No"
"1",".",".","24","O","","","","","","","","","","","","","","","","","","","","","","","","","","","","","","","","","","","","","","","","","","","","","","",""
"1","masivnější","masivní","25","O","","","","","","Gen","Cmp","","Fem","","","","","Sing","","Pos","","","","","","","","","","","","","","","","","","","","","","","","","","","","","","",""
"1","zásobnice","zásobnice","26","O","","","","","","Gen","","","Fem","","","","","Sing","","","","","","","","","","","","","","","","","","","","","","","","","","","","","","","","",""
"1","+","+","27","O","","","","","","","","","","","","","","","","","","","","","","","","","","","","","","","","","","","","","","","","","","","","","","",""
"1","3","3","28","B-nc","Cardinal number","","","","","","","","","","","Digit","Card","","","","","","","","","","","","","","","","","","","","","","","","","","","","","","","","","",""
"1","zl","zl","29","O","","Yes","","Inan","","","","","Masc","","","","","","","","","","","","","","","","","","","","","","","","","","","","","","","","","","","","","","No"
"1",".",".","30","O","","","","","","","","","","","","","","","","","","","","","","","","","","","","","","","","","","","","","","","","","","","","","","",""
"1","okrajů","okraj","31","O","","","","Inan","","Gen","","","Masc","","","","","Plur","","","","","","","","","","","","","","","","","","","","","","","","","","","","","","","","",""
"1","(","(","32","O","","","","","","","","","","","","","","","","","","","","","","","","","","","","","","","","","","","","","","","","","","","","","","","No"
"1","okruží","okruží","33","O","","","","","","Nom","","","Neut","","","","","Sing","","","","","","","","","","","","","","","","","","","","","","","","","","","","","","","","","No"
"1","+","+","34","O","","","","","","","","","","","","","","","","","","","","","","","","","","","","","","","","","","","","","","","","","","","","","","","No"
"1","mísa","mísa","35","O","","","","","","Nom","","","Fem","","","","","Sing","","","","","","","","","","","","","","","","","","","","","","","","","","","","","","","","",""
"1","se","s","36","O","","","Voc","","","Ins","","","","","","","","","","","","","","","","","","","","","","","","","","","","","","","","","","","","","","","","",""
"1","zahnutým","zahnutý","37","O","","","","Inan","","Ins","Pos","","Masc","","","","","Sing","","Pos","","","","","Part","Pass","","","","","","","","","","","","","","","","","","","","","","","","",""
"1","okrajem","okraj","38","O","","","","Inan","","Ins","","","Masc","","","","","Sing","","","","","","","","","","","","","","","","","","","","","","","","","","","","","","","","","No"
"1",")",")","39","O","","","","","","","","","","","","","","","","","","","","","","","","","","","","","","","","","","","","","","","","","","","","","","",""
"1","+","+","40","O","","","","","","","","","","","","","","","","","","","","","","","","","","","","","","","","","","","","","","","","","","","","","","",""
"1","1","1","41","B-nc","Cardinal number","","","","","","","","","","","Digit","Card","","","","","","","","","","","","","","","","","","","","","","","","","","","","","","","","","",""
"1","zl","zl","42","O","","Yes","","Inan","","","","","Masc","","","","","","","","","","","","","","","","","","","","","","","","","","","","","","","","","","","","","","No"
"1",".",".","43","O","","","","","","","","","","","","","","","","","","","","","","","","","","","","","","","","","","","","","","","","","","","","","","",""
"1","ucha","ucho","44","O","","","","","","Gen","","","Neut","","","","","Sing","","","","","","","","","","","","","","","","","","","","","","","","","","","","","","","","",""
"1","+","+","45","O","","","","","","","","","","","","","","","","","","","","","","","","","","","","","","","","","","","","","","","","","","","","","","",""
"1","výdutě","výduta","46","O","","","","","","Nom","","","Fem","","","","","Plur","","","","","","","","","","","","","","","","","","","","","","","","","","","","","","","","",""
"1","nádob","nádoba","47","O","","","","","","Gen","","","Fem","","","","","Plur","","","","","","","","","","","","","","","","","","","","","","","","","","","","","","","","",""
"1","se","s","48","O","","","Voc","","","Ins","","","","","","","","","","","","","","","","","","","","","","","","","","","","","","","","","","","","","","","","",""
"1","stopami","stopa","49","O","","","","","","Ins","","","Fem","","","","","Plur","","","","","","","","","","","","","","","","","","","","","","","","","","","","","","","","",""
"1","vytáčení","vytáčení","50","O","","","","","","Gen","","","Neut","","","","","Sing","","","","","","","Vnoun","","","","","","","","","","","","","","","","","","","","","","","","","",""
"1","+","+","51","O","","","","","","","","","","","","","","","","","","","","","","","","","","","","","","","","","","","","","","","","","","","","","","",""
"1","1","1","52","B-nc","Cardinal number","","","","","","","","","","","Digit","Card","","","","","","","","","","","","","","","","","","","","","","","","","","","","","","","","","",""
"1","mazanice","mazanice","53","O","","","","","","Nom","","","Fem","","","","","Sing","","","","","","","","","","","","","","","","","","","","","","","","","","","","","","","","","No"
"1",",",",","54","O","","","","","","","","","","","","","","","","","","","","","","","","","","","","","","","","","","","","","","","","","","","","","","",""
"1","váha","váha","55","O","","","","","","Nom","","","Fem","","","","","Sing","","","","","","","","","","","","","","","","","","","","","","","","","","","","","","","","",""
"1","182","182","56","B-nc","Cardinal number","","","","","","","","","","","Digit","Card","","","","","","","","","","","","","","","","","","","","","","","","","","","","","","","","","","No"
"1",",",",","57","O","","","","","","","","","","","","","","","","","","","","","","","","","","","","","","","","","","","","","","","","","","","","","","","No"
"1","1","1","58","B-nc","Cardinal number","","","","","","","","","","","Digit","Card","","","","","","","","","","","","","","","","","","","","","","","","","","","","","","","","","","No"
"1","g","gok","59","B-oe","Measure unit","Yes","","Inan","","","","","Masc","","","","","","","","","","","","","","","","","","","","","","","","","","","","","","","","","","","","","","No"
"1",".",".","60","O","","","","","","","","","","","","","","","","","","","","","","","","","","","","","","","","","","","","","","","","","","","","","","",""
"1","A","A","61","O","","Yes","","","","","","","","","","","","","","","","","","","","","","","","","","","","","","","","","","","","","","","","","","","","","No"
"1","680","680","62","B-n_","Number expression (General)","","","","","","","","","","","Digit","Card","","","","","","","","","","","","","","","","","","","","","","","","","","","","","","","","","","No"
"1","/","/","63","O","","","","","","","","","","","","","","","","","","","","","","","","","","","","","","","","","","","","","","","","","","","","","","","No"
"1","2015","2015","64","B-ty","Year","","","","","","","","","","","Digit","Card","","","","","","","","","","","","","","","","","","","","","","","","","","","","","","","","","",""
"1","keramika","keramika","65","O","","","","","","Nom","","","Fem","","","","","Sing","","","","","","","","","","","","","","","","","","","","","","","","","","","","","","","","",""
"1","3","3","66","B-n_","Number expression (General)","","","","","","","","","","","Digit","Card","","","","","","","","","","","","","","","","","","","","","","","","","","","","","","","","","",""
"1","Skuhrov","Skuhrov","67","B-gu","Settlement name (City/Town)","","","Inan","","Nom","","","Masc","","Geo","","","Sing","","","","","","","","","","","","","","","","","","","","","","","","","","","","","","","","",""
"1","hrad","hrad","68","O","","","","Inan","","Nom","","","Masc","","","","","Sing","","","","","","","","","","","","","","","","","","","","","","","","","","","","","","","","",""
"1","sběr","sběr","69","O","","","","Inan","","Nom","","","Masc","","","","","Sing","","","","","","","","","","","","","","","","","","","","","","","","","","","","","","","","",""
"1","Slavík","slavík","70","B-ps","Surname","","","Anim","","Nom","","","Masc","","","","","Sing","","","","","","","","","","","","","","","","","","","","","","","","","","","","","","","","",""
"1","J","J","71","I-ps","Surname","Yes","","","","","","","","","","","","","","","","","","","","","","","","","","","","","","","","","","","","","","","","","","","","","No"
"1",".",".","72","I-ps","Surname","","","","","","","","","","","","","","","","","","","","","","","","","","","","","","","","","","","","","","","","","","","","","",""
"1","(","(","73","O","","","","","","","","","","","","","","","","","","","","","","","","","","","","","","","","","","","","","","","","","","","","","","","No"
"1","viz","viz","74","O","","","","","Perf","","","","","Imp","","","","Sing","2","Pos","","","","","Fin","","","","","","","","","","","","","","","","","","","","","","","","","","No"
"1",".",".","75","O","","","","","","","","","","","","","","","","","","","","","","","","","","","","","","","","","","","","","","","","","","","","","","",""
"1","NZ","NZ","76","B-A","Complex Address/Number/Time","Yes","","","","","","","","","","","","","","","","","","","","","","","","","","","Yes","","","","","","","","","","","","","","","","","",""
"1","Skuhrov","Skuhrov","77","I-A","Complex Address/Number/Time","","","Inan","","Nom","","","Masc","","Geo","","","Sing","","","","","","","","","","","","","","Yes","","","","","","","","","","","","","Yes","","","","","",""
"1","1998","1998","78","I-A","Complex Address/Number/Time","","","","","","","","","","","Digit","Card","","","","","","","","","","","","","","","","","","","","","","","","","Yes","","","","","","","","","No"
"1",",",",","79","I-A","Complex Address/Number/Time","","","","","","","","","","","","","","","","","","","","","","","","","","","","","","","","","","","","","","","","","","","","","",""
"1","poloha","poloha","80","I-A","Complex Address/Number/Time","","","","","Nom","","","Fem","","","","","Sing","","","","","","","","","","","","","","","","","","","","","","","","","","","","","","","","",""
"1","3","3","81","I-A","Complex Address/Number/Time","","","","","","","","","","","Digit","Card","","","","","","","","","","Yes","","","","","","","","","","","","","","","","","","","","","","","","No"
"1",")",")","82","I-A","Complex Address/Number/Time","","","","","","","","","","","","","","","","","","","","","","","","","","","","","","","","","","","","","","","","","","","","","",""
"1","A","A","83","I-A","Complex Address/Number/Time","Yes","","","","","","","","","","","","","","","","","","","","","","","","","","","","","","","","","","","","","","","","","","","","","No"
"1","1739","1739","84","I-A","Complex Address/Number/Time","","","","","","","","","","","Digit","Card","","","","","","","","","","","Yes","","","","","","","","","","","","","","","","","","","","","","",""
"1","2","2","85","I-A","Complex Address/Number/Time","","","","","","","","","","","Digit","Card","","","","","","","","","","","","","","","","","","","","","","","","","","Yes","","","","","","","",""
"1","drobné","drobný","86","O","","","","Inan","","Nom","Pos","","Masc","","","","","Plur","","Pos","","","","","","","","","","","","","","","","","","","","","","","","","","","","","","",""
"1","atypické","atypický","87","O","","","","Inan","","Nom","Pos","","Masc","","","","","Plur","","Pos","","","","","","","","","","","","","","","","","","","","","","","","","","","","","","",""
"1","zlomky","zlomek","88","O","","","","Inan","","Nom","","","Masc","","","","","Plur","","","","","","","","","","","","","","","","","","","","","","","","","","","","","","","","",""
"1","+","+","89","O","","","","","","","","","","","","","","","","","","","","","","","","","","","","","","","","","","","","","","","","","","","","","","",""
"1","1","1","90","B-nc","Cardinal number","","","","","","","","","","","Digit","Card","","","","","","","","","","","","","","","","","","","","","","","","","","","","","","","","","",""
"1","zlomek","zlomek","91","O","","","","Inan","","Nom","","","Masc","","","","","Sing","","","","","","","","","","","","","","","","","","","","","","","","","","","","","","","","",""
"1","dna","dno","92","O","","","","","","Gen","","","Neut","","","","","Sing","","","","","","","","","","","","","","","","","","","","","","","","","","","","","","","","",""
"1","-","-","93","O","","","","","","","","","","","","","","","","","","","","","","","","","","","","","","","","","","","","","","","","","","","","","","",""
"1","bílé","bílý","94","O","","","","","","Nom","Pos","","Neut","","","","","Sing","","Pos","","","","","","","","","","","","","","","","","","","","","","","","","","","","","","",""
"1","zboží","zboží","95","O","","","","","","Nom","","","Neut","","","","","Sing","","","","","","","","","","","","","","","","","","","","","","","","","","","","","","","","","No"
"1",",",",","96","O","","","","","","","","","","","","","","","","","","","","","","","","","","","","","","","","","","","","","","","","","","","","","","",""
"1","2","2","97","B-no","Ordinal number","","","","","","","","","","","Digit","Card","","","","","","","","","","","","","","","","","","","","","","","","","","","","","","","","","","No"
"1",".",".","98","I-no","Ordinal number","","","","","","","","","","","","","","","","","","","","","","","","","","","","","","","","","","","","","","","","","","","","","",""
"1","pol","polovina","99","O","","Yes","","","","","","","Fem","","","","","","","","","","","","","","","","","","","","","","","","","","","","","","","","","","","","","","No"
"1",".",".","100","O","","","","","","","","","","","","","","","","","","","","","","","","","","","","","","","","","","","","","","","","","","","","","","",""
"1","15","15","101","B-no","Ordinal number","","","","","","","","","","","Digit","Card","","","","","","","","","","","","","","","","","","","","","","","","","","","","","","","","","","No"
"1",".",".","102","I-no","Ordinal number","","","","","","","","","","","","","","","","","","","","","","","","","","","","","","","","","","","","","","","","","","","","","",""
"1","století","století","103","O","","","","","","Gen","","","Neut","","","","","Sing","","","","","","","","","","","","","","","","","","","","","","","","","","","","","","","","","No"
"1",",",",","104","O","","","","","","","","","","","","","","","","","","","","","","","","","","","","","","","","","","","","","","","","","","","","","","",""
"1","váha","váha","105","O","","","","","","Nom","","","Fem","","","","","Sing","","","","","","","","","","","","","","","","","","","","","","","","","","","","","","","","",""
"1","14","14","106","B-nc","Cardinal number","","","","","","","","","","","Digit","Card","","","","","","","","","","","","","","","","","","","","","","","","","","","","","","","","","","No"
"1",",",",","107","O","","","","","","","","","","","","","","","","","","","","","","","","","","","","","","","","","","","","","","","","","","","","","","","No"
"1","6","6","108","B-nc","Cardinal number","","","","","","","","","","","Digit","Card","","","","","","","","","","","","","","","","","","","","","","","","","","","","","","","","","","No"
"1","g","gok","109","B-oe","Measure unit","Yes","","Inan","","","","","Masc","","","","","","","","","","","","","","","","","","","","","","","","","","","","","","","","","","","","","","No"
"1",".",".","110","O","","","","","","","","","","","","","","","","","","","","","","","","","","","","","","","","","","","","","","","","","","","","","","",""
"1","Terénní","terénní","111","O","","","","","","Nom","Pos","","Fem","","","","","Sing","","Pos","","","","","","","","","","","","","","","","","","","","","","","","","","","","","","",""
"1","a","a","112","O","","","","","","","","","","","","","","","","","","","","","","","","","","","","","","","","","","","","","","","","","","","","","","",""
"1","obrazová","obrazový","113","O","","","","","","Nom","Pos","","Fem","","","","","Sing","","Pos","","","","","","","","","","","","","","","","","","","","","","","","","","","","","","",""
"1","dokumentace","dokumentace","114","O","","","","","","Nom","","","Fem","","","","","Sing","","","","","","","","","","","","","","","","","","","","","","","","","","","","","","","","",""
"1","Obr","obrázek","115","O","","Yes","","Inan","","","","","Masc","","","","","","","","","","","","","","","","","","","","","","","","","","","","","","","","","","","","","","No"
"1",".",".","116","O","","","","","","","","","","","","","","","","","","","","","","","","","","","","","","","","","","","","","","","","","","","","","","",""
"1","1","1","117","B-nb","Volu-metric number","","","","","","","","","","","Digit","Card","","","","","","","","","","","","","","","","","","","","","","","","","","","","","","","","","","No"
"1",".",".","118","O","","","","","","","","","","","","","","","","","","","","","","","","","","","","","","","","","","","","","","","","","","","","","","",""
"1","SKUHROV","Skuhrov","119","B-gu","Settlement name (City/Town)","","","Inan","","Nom","","","Masc","","Geo","","","Sing","","","","","","","","","","","","","","","","","","","","","","","","","","","","","","","","",""
"1","NAD","nad","120","I-gu","Settlement name (City/Town)","","Prep","","","Ins","","","","","","","","","","","","","","","","","","","","","","","","","","","","","","","","","","","","","","","","",""
"1","BĚLOU","Běla","121","I-gu","Settlement name (City/Town)","","","","","Ins","","","Fem","","Geo","","","Sing","","","","","","","","","","","","Yes","","","","","","","","","","","","","","","","","","","","",""
"1","hrad","hrad","122","O","","","","Inan","","Nom","","","Masc","","","","","Sing","","","","","","","","","","","","","","","","","","","","","","","","","","","","","","","","","No"
"1",",",",","123","O","","","","","","","","","","","","","","","","","","","","","","","","","","","","","","","","","","","","","","","","","","","","","","",""
"1","sběry","sběr","124","O","","","","Inan","","Nom","","","Masc","","","","","Plur","","","","","","","","","","","","","","","","","","","","","","","","","","","","","","","","",""
"1","1998","1998","125","B-ty","Year","","","","","","","","","","","Digit","Card","","","","","","","","","","","","","","","","","","","","","","","","","","","","","","","","","","No"
"1",".",".","126","O","","","","","","","","","","","","","","","","","","","","","","","","","","","","","","","","","","","","","","","","","","","","","","",""
"1","Umístění","umístění","1","O","","","","","","Nom","","","Neut","","","","","Sing","","","","","","","Vnoun","","","","","","","","","","","","","","","","","","","","","","","","","",""
"1","lokality","lokalita","2","O","","","","","","Gen","","","Fem","","","","","Sing","","","","","","","","","","","","","","","","","","","","","","","","","","","","","","","","",""
"1","a","a","3","O","","","","","","","","","","","","","","","","","","","","","","","","","","","","","","","","","","","","","","","","","","","","","","",""
"1","plánek","plánek","4","O","","","","Inan","","Nom","","","Masc","","","","","Sing","","","","","","","","","","","","","","","","","","","","","","","","","","","","","","","","",""
"1","hradu","hrad","5","O","","","","Inan","","Gen","","","Masc","","","","","Sing","","","","","","","","","","","","","","","","","","","","","","","","","","","","","","","","",""
"1","se","s","6","O","","","Voc","","","Ins","","","","","","","","","","","","","","","","","","","","","","","","","","","","","","","","","","","","","","","","",""
"1","zákresem","zákres","7","O","","","","Inan","","Ins","","","Masc","","","","","Sing","","","","","","","","","","","","","","","","","","","","","","","","","","","","","","","","",""
"1","sběrů","sběr","8","O","","","","Inan","","Gen","","","Masc","","","","","Plur","","","","","","","","","","","","","","","","","","","","","","","","","","","","","","","","","No"
"1",".",".","9","O","","","","","","","","","","","","","","","","","","","","","","","","","","","","","","","","","","","","","","","","","","","","","","",""
"1","Obr","obrázek","1","O","","Yes","","Inan","","","","","Masc","","","","","","","","","","","","","","","","","","","","","","","","","","","","","","","","","","","","","","No"
"1",".",".","2","O","","","","","","","","","","","","","","","","","","","","","","","","","","","","","","","","","","","","","","","","","","","","","","",""
"1","2","2","3","B-nb","Volu-metric number","","","","","","","","","","","Digit","Card","","","","","","","","","","","","","","","","","","","","","","","","","","","","","","","","","","No"
"1",".",".","4","O","","","","","","","","","","","","","","","","","","","","","","","","","","","","","","","","","","","","","","","","","","","","","","",""
"1","SKUHROV","Skuhrov","5","B-gu","Settlement name (City/Town)","","","Inan","","Nom","","","Masc","","Geo","","","Sing","","","","","","","","","","","","","","","","","","","","","","","","","","","","","","","","",""
"1","NAD","nad","6","I-gu","Settlement name (City/Town)","","Prep","","","Ins","","","","","","","","","","","","","","","","","","","","","","","","","","","","","","","","","","","","","","","","",""
"1","BĚLOU","Běla","7","I-gu","Settlement name (City/Town)","","","","","Ins","","","Fem","","Geo","","","Sing","","","","","","","","","","","Yes","","","","","","","","","","","","","","","","","","","","","",""
"1","hrad","hrad","8","O","","","","Inan","","Nom","","","Masc","","","","","Sing","","","","","","","","","","","","","","","","","","","","","","","","","","","","","","","","","No"
"1",",",",","9","O","","","","","","","","","","","","","","","","","","","","","","","","","","","","","","","","","","","","","","","","","","","","","","",""
"1","sběry","sběr","10","O","","","","Inan","","Nom","","","Masc","","","","","Plur","","","","","","","","","","","","","","","","","","","","","","","","","","","","","","","","",""
"1","1998","1998","11","B-ty","Year","","","","","","","","","","","Digit","Card","","","","","","","","","","","","","","","","","","","","","","","","","","","","","","","","","","No"
"1",".",".","12","O","","","","","","","","","","","","","","","","","","","","","","","","","","","","","","","","","","","","","","","","","","","","","","",""
"1","Nálezy","nález","1","O","","","","Inan","","Nom","","","Masc","","","","","Plur","","","","","","","","","","","","","","","","","","","","","","","","","","","","","","","","",""
"1","-","-","2","O","","","","","","","","","","","","","","","","","","","","","","","","","","","","","","","","","","","","","","","","","","","","","","","No"
"1","poloha","poloha","3","O","","","","","","Nom","","","Fem","","","","","Sing","","","","","","","","","","","","","","","","","","","","","","","","","","","","","","","","",""
"1","1","1","4","B-n_","Number expression (General)","","","","","","","","","","","Digit","Card","","","","","","","","","","","","","","","","","","","","","","","","","","","","","","","","","",""
"1","(","(","5","O","","","","","","","","","","","","","","","","","","","","","","","","","","","","","","","","","","","","","","","","","","","","","","","No"
"1","př","př","6","O","","Yes","","","","","","","","","","","","","","","","","","","","","","","","","","","","","","","","","","","","","","","","","","","","","No"
"1",".",".","7","O","","","","","","","","","","","","","","","","","","","","","","","","","","","","","","","","","","","","","","","","","","","","","","",""
"1","č","číslo","8","O","","Yes","","","","","","","Neut","","","","","","","","","","","","","","","","","","","","","","","","","","","","","","","","","","","","","","No"
"1",".",".","9","O","","","","","","","","","","","","","","","","","","","","","","","","","","","","","","","","","","","","","","","","","","","","","","",""
"1","A","A","10","B-n_","Number expression (General)","Yes","","","","","","","","","","","","","","","","","","","","","","","","","","","","","","","","","","","","","","","","","","","","","No"
"1","678","678","11","B-n_","Number expression (General)","","","","","","","","","","","Digit","Card","","","","","","","","","","","","","","","","","","","","","","","","","","","","","","","","","","No"
"1","/","/","12","O","","","","","","","","","","","","","","","","","","","","","","","","","","","","","","","","","","","","","","","","","","","","","","","No"
"1","2015","2015","13","B-ty","Year","","","","","","","","","","","Digit","Card","","","","","","","","","","","","","","","","","","","","","","","","","","","","","","","","","","No"
"1",")",")","14","O","","","","","","","","","","","","","","","","","","","","","","","","","","","","","","","","","","","","","","","","","","","","","","","No"
"1",".",".","15","O","","","","","","","","","","","","","","","","","","","","","","","","","","","","","","","","","","","","","","","","","","","","","","",""
"1","Obr","obrázek","1","O","","Yes","","Inan","","","","","Masc","","","","","","","","","","","","","","","","","","","","","","","","","","","","","","","","","","","","","","No"
"1",".",".","2","O","","","","","","","","","","","","","","","","","","","","","","","","","","","","","","","","","","","","","","","","","","","","","","",""
"1","3","3","3","B-nb","Volu-metric number","","","","","","","","","","","Digit","Card","","","","","","","","","","","","","","","","","","","","","","","","","","","","","","","","","","No"
"1",".",".","4","O","","","","","","","","","","","","","","","","","","","","","","","","","","","","","","","","","","","","","","","","","","","","","","",""
"1","SKUHROV","Skuhrov","5","B-gu","Settlement name (City/Town)","","","Inan","","Nom","","","Masc","","Geo","","","Sing","","","","","","","","","","","","","","","","","","","","","","","","","","","","","","","","",""
"1","NAD","nad","6","I-gu","Settlement name (City/Town)","","Prep","","","Ins","","","","","","","","","","","","","","","","","","","","","","","","","","","","","","","","","","","","","","","","",""
"1","BĚLOU","Běla","7","I-gu","Settlement name (City/Town)","","","","","Ins","","","Fem","","Geo","","","Sing","","","","","","","","","","","Yes","","","","","","","","","","","","","","","","","","","","","",""
"1","hrad","hrad","8","O","","","","Inan","","Nom","","","Masc","","","","","Sing","","","","","","","","","","","","","","","","","","","","","","","","","","","","","","","","","No"
"1",",",",","9","O","","","","","","","","","","","","","","","","","","","","","","","","","","","","","","","","","","","","","","","","","","","","","","",""
"1","sběry","sběr","10","O","","","","Inan","","Nom","","","Masc","","","","","Plur","","","","","","","","","","","","","","","","","","","","","","","","","","","","","","","","",""
"1","1998","1998","11","B-ty","Year","","","","","","","","","","","Digit","Card","","","","","","","","","","","","","","","","","","","","","","","","","","","","","","","","","","No"
"1",".",".","12","O","","","","","","","","","","","","","","","","","","","","","","","","","","","","","","","","","","","","","","","","","","","","","","",""
"1","Nálezy","nález","1","O","","","","Inan","","Nom","","","Masc","","","","","Plur","","","","","","","","","","","","","","","","","","","","","","","","","","","","","","","","",""
"1","-","-","2","O","","","","","","","","","","","","","","","","","","","","","","","","","","","","","","","","","","","","","","","","","","","","","","","No"
"1","poloha","poloha","3","O","","","","","","Nom","","","Fem","","","","","Sing","","","","","","","","","","","","","","","","","","","","","","","","","","","","","","","","",""
"1","2","2","4","B-n_","Number expression (General)","","","","","","","","","","","Digit","Card","","","","","","","","","","","","","","","","","","","","","","","","","","","","","","","","","",""
"1","(","(","5","O","","","","","","","","","","","","","","","","","","","","","","","","","","","","","","","","","","","","","","","","","","","","","","","No"
"1","př","př","6","O","","Yes","","","","","","","","","","","","","","","","","","","","","","","","","","","","","","","","","","","","","","","","","","","","","No"
"1",".",".","7","O","","","","","","","","","","","","","","","","","","","","","","","","","","","","","","","","","","","","","","","","","","","","","","",""
"1","č","číslo","8","O","","Yes","","","","","","","Neut","","","","","","","","","","","","","","","","","","","","","","","","","","","","","","","","","","","","","","No"
"1",".",".","9","O","","","","","","","","","","","","","","","","","","","","","","","","","","","","","","","","","","","","","","","","","","","","","","",""
"1","A","A","10","B-n_","Number expression (General)","Yes","","","","","","","","","","","","","","","","","","","","","","","","","","","","","","","","","","","","","","","","","","","","","No"
"1","679","679","11","B-n_","Number expression (General)","","","","","","","","","","","Digit","Card","","","","","","","","","","","","","","","","","","","","","","","","","","","","","","","","","","No"
"1","/","/","12","O","","","","","","","","","","","","","","","","","","","","","","","","","","","","","","","","","","","","","","","","","","","","","","","No"
"1","201","201","13","B-n_","Number expression (General)","","","","","","","","","","","Digit","Card","","","","","","","","","","","","","","","","","","","","","","","","","","","","","","","","","","No"
"1",")",")","14","O","","","","","","","","","","","","","","","","","","","","","","","","","","","","","","","","","","","","","","","","","","","","","","","No"
"1",".",".","15","O","","","","","","","","","","","","","","","","","","","","","","","","","","","","","","","","","","","","","","","","","","","","","","",""
"1","Obr","obrázek","1","O","","Yes","","Inan","","","","","Masc","","","","","","","","","","","","","","","","","","","","","","","","","","","","","","","","","","","","","","No"
"1",".",".","2","O","","","","","","","","","","","","","","","","","","","","","","","","","","","","","","","","","","","","","","","","","","","","","","",""
"1","4","4","3","B-nb","Volu-metric number","","","","","","","","","","","Digit","Card","","","","","","","","","","","","","","","","","","","","","","","","","","","","","","","","","","No"
"1",".",".","4","O","","","","","","","","","","","","","","","","","","","","","","","","","","","","","","","","","","","","","","","","","","","","","","",""
"1","SKUHROV","Skuhrov","5","B-gu","Settlement name (City/Town)","","","Inan","","Nom","","","Masc","","Geo","","","Sing","","","","","","","","","","","","","","","","","","","","","","","","","","","","","","","","",""
"1","NAD","nad","6","I-gu","Settlement name (City/Town)","","Prep","","","Ins","","","","","","","","","","","","","","","","","","","","","","","","","","","","","","","","","","","","","","","","",""
"1","BĚLOU","Běla","7","I-gu","Settlement name (City/Town)","","","","","Ins","","","Fem","","Geo","","","Sing","","","","","","","","","","","Yes","","","","","","","","","","","","","","","","","","","","","",""
"1","hrad","hrad","8","O","","","","Inan","","Nom","","","Masc","","","","","Sing","","","","","","","","","","","","","","","","","","","","","","","","","","","","","","","","","No"
"1",",",",","9","O","","","","","","","","","","","","","","","","","","","","","","","","","","","","","","","","","","","","","","","","","","","","","","",""
"1","sběry","sběr","10","O","","","","Inan","","Nom","","","Masc","","","","","Plur","","","","","","","","","","","","","","","","","","","","","","","","","","","","","","","","",""
"1","1998","1998","11","B-ty","Year","","","","","","","","","","","Digit","Card","","","","","","","","","","","","","","","","","","","","","","","","","","","","","","","","","","No"
"1",".",".","12","O","","","","","","","","","","","","","","","","","","","","","","","","","","","","","","","","","","","","","","","","","","","","","","",""
"1","Nálezy","nález","1","O","","","","Inan","","Nom","","","Masc","","","","","Plur","","","","","","","","","","","","","","","","","","","","","","","","","","","","","","","","",""
"1","-","-","2","O","","","","","","","","","","","","","","","","","","","","","","","","","","","","","","","","","","","","","","","","","","","","","","",""
"1","poloha","poloha","3","O","","","","","","Nom","","","Fem","","","","","Sing","","","","","","","","","","","","","","","","","","","","","","","","","","","","","","","","",""
"1","3","3","4","B-n_","Number expression (General)","","","","","","","","","","","Digit","Card","","","","","","","","","","","","","","","","","","","","","","","","","","","","","","","","","",""
"1","(","(","5","O","","","","","","","","","","","","","","","","","","","","","","","","","","","","","","","","","","","","","","","","","","","","","","","No"
"1","př","př","6","O","","Yes","","","","","","","","","","","","","","","","","","","","","","","","","","","","","","","","","","","","","","","","","","","","","No"
"1",".",".","7","O","","","","","","","","","","","","","","","","","","","","","","","","","","","","","","","","","","","","","","","","","","","","","","",""
"1","č","číslo","8","O","","Yes","","","","","","","Neut","","","","","","","","","","","","","","","","","","","","","","","","","","","","","","","","","","","","","","No"
"1",".",".","9","O","","","","","","","","","","","","","","","","","","","","","","","","","","","","","","","","","","","","","","","","","","","","","","",""
"1","A","A","10","B-n_","Number expression (General)","Yes","","","","","","","","","","","","","","","","","","","","","","","","","","","","","","","","","","","","","","","","","","","","","No"
"1","680","680","11","I-n_","Number expression (General)","","","","","","","","","","","Digit","Card","","","","","","","","","","","","","","","","","","","","","","","","","","","","","","","","","","No"
"1","/","/","12","I-n_","Number expression (General)","","","","","","","","","","","","","","","","","","","","","","","","","","","","","","","","","","","","","","","","","","","","","","No"
"1","2015","2015","13","I-n_","Number expression (General)","","","","","","","","","","","Digit","Card","","","","","","","","","","","","","","","","","","","","","","","","","","","","","","","","","","No"
"1",")",")","14","O","","","","","","","","","","","","","","","","","","","","","","","","","","","","","","","","","","","","","","","","","","","","","","","No"
"1",".",".","15","O","","","","","","","","","","","","","","","","","","","","","","","","","","","","","","","","","","","","","","","","","","","","","","",""
"1","V","v","1","O","","","Prep","","","Loc","","","","","","","","","","","","","","","","","","","","","","","","","","","","","","","","","","","","","","","","",""
"1","Rychnově","Rychnov","2","B-gu","Settlement name (City/Town)","","","Inan","","Loc","","","Masc","","Geo","","","Sing","","","","","","","","","","","","","","","","","","","","","","","","","","","","","","","","",""
"1","nad","nad","3","I-gu","Settlement name (City/Town)","","Prep","","","Ins","","","","","","","","","","","","","","","","","","","","","","","","","","","","","","","","","","","","","","","","",""
"1","Kněžnou","Kněžna","4","I-gu","Settlement name (City/Town)","","","","","Ins","","","Fem","","Geo","","","Sing","","","","","","","","","","","Yes","","","","","","","","","","","","","","","","","","","","","",""
"1","dne","den","5","O","","","","Inan","","Gen","","","Masc","","","","","Sing","","","","","","","","","","","","","","","","","","","","","","","","","","","","","","","","",""
"1","27","27","6","B-T","Complex time expressions","","","","","","","","","","","Digit","Card","","","","","","","","","","","","","","","","","","","","","","","Yes","","","","","","","","","","","No"
"1",".",".","7","I-T","Complex time expressions","","","","","","","","","","","","","","","","","","","","","","","","","","","","","","","","","","","","","","","","","","","","Yes","",""
"1","11","11","8","I-T","Complex time expressions","","","","","","","","","","","Digit","Card","","","","","","","","","","","","","","","","","","","","","","","","Yes","","","","","","","","","","No"
"1",".",".","9","I-T","Complex time expressions","","","","","","","","","","","","","","","","","","","","","","","","","","","","","","","","","","","","","","","","","","","","","Yes",""
"1","2015","2015","10","I-T","Complex time expressions","","","","","","","","","","","Digit","Card","","","","","","","","","","","","","","","","","","","","","","","","","Yes","","","","","","","","",""
"1","PhDr","PhDr","11","B-P","Complex personal names","Yes","","","","","","","","","","","","","","","","","","","","","","","","","","","","","","","Yes","","","","","","","","","","","","","","No"
"1",".",".","12","I-P","Complex personal names","","","","","","","","","","","","","","","","","","","","","","","","","","","","","","","","","","","","","","","","","","Yes","","","",""
"1","Martina","Martina","13","I-P","Complex personal names","","","","","Nom","","","Fem","","Giv","","","Sing","","","","","","","","","","","","","","","","","","","","Yes","","","","","","","","","","","","",""
"1","Beková","Beková","14","I-P","Complex personal names","","","","","Nom","","","Fem","","Giv","","","Sing","","","","","","","","","","","","","","","","","","","","","Yes","","","","","","","","","","","",""
"1","Bohumír","Bohumír","15","B-P","Complex personal names","","","Anim","","Nom","","","Masc","","Giv","","","Sing","","","","","","","","","","","","","","","","","","","","Yes","","","","","","","","","","","","",""
"1","Dragoun","Dragoun","16","I-P","Complex personal names","","","Anim","","Nom","","","Masc","","Giv","","","Sing","","","","","","","","","","","","","","","","","","","","","Yes","","","","","","","","","","","",""
"1","Obr","obrázek","17","O","","Yes","","Inan","","","","","Masc","","","","","","","","","","","","","","","","","","","","","","","","","","","","","","","","","","","","","","No"
"1",".",".","18","O","","","","","","","","","","","","","","","","","","","","","","","","","","","","","","","","","","","","","","","","","","","","","","",""
"1","1","1","19","B-nb","Volu-metric number","","","","","","","","","","","Digit","Card","","","","","","","","","","","","","","","","","","","","","","","","","","","","","","","","","","No"
"1",".",".","20","O","","","","","","","","","","","","","","","","","","","","","","","","","","","","","","","","","","","","","","","","","","","","","","",""
"1","SKUHROV","Skuhrov","21","B-gu","Settlement name (City/Town)","","","Inan","","Nom","","","Masc","","Geo","","","Sing","","","","","","","","","","","","","","","","","","","","","","","","","","","","","","","","",""
"1","NAD","nad","22","I-gu","Settlement name (City/Town)","","Prep","","","Ins","","","","","","","","","","","","","","","","","","","","","","","","","","","","","","","","","","","","","","","","",""
"1","BĚLOU","Běla","23","I-gu","Settlement name (City/Town)","","","","","Ins","","","Fem","","Geo","","","Sing","","","","","","","","","","","Yes","","","","","","","","","","","","","","","","","","","","","",""
"1","hrad","hrad","24","O","","","","Inan","","Nom","","","Masc","","","","","Sing","","","","","","","","","","","","","","","","","","","","","","","","","","","","","","","","","No"
"1",",",",","25","O","","","","","","","","","","","","","","","","","","","","","","","","","","","","","","","","","","","","","","","","","","","","","","",""
"1","sběry","sběr","26","O","","","","Inan","","Nom","","","Masc","","","","","Plur","","","","","","","","","","","","","","","","","","","","","","","","","","","","","","","","",""
"1","1998","1998","27","B-ty","Year","","","","","","","","","","","Digit","Card","","","","","","","","","","","","","","","","","","","","","","","","","","","","","","","","","","No"
"1",".",".","28","O","","","","","","","","","","","","","","","","","","","","","","","","","","","","","","","","","","","","","","","","","","","","","","",""
"1","Umístění","umístění","1","O","","","","","","Nom","","","Neut","","","","","Sing","","","","","","","Vnoun","","","","","","","","","","","","","","","","","","","","","","","","","",""
"1","lokality","lokalita","2","O","","","","","","Gen","","","Fem","","","","","Sing","","","","","","","","","","","","","","","","","","","","","","","","","","","","","","","","",""
"1","a","a","3","O","","","","","","","","","","","","","","","","","","","","","","","","","","","","","","","","","","","","","","","","","","","","","","",""
"1","plánek","plánek","4","O","","","","Inan","","Nom","","","Masc","","","","","Sing","","","","","","","","","","","","","","","","","","","","","","","","","","","","","","","","",""
"1","hradu","hrad","5","O","","","","Inan","","Gen","","","Masc","","","","","Sing","","","","","","","","","","","","","","","","","","","","","","","","","","","","","","","","",""
"1","se","s","6","O","","","Voc","","","Ins","","","","","","","","","","","","","","","","","","","","","","","","","","","","","","","","","","","","","","","","",""
"1","zákresem","zákres","7","O","","","","Inan","","Ins","","","Masc","","","","","Sing","","","","","","","","","","","","","","","","","","","","","","","","","","","","","","","","",""
"1","sběrů","sběr","8","O","","","","Inan","","Gen","","","Masc","","","","","Plur","","","","","","","","","","","","","","","","","","","","","","","","","","","","","","","","","No"
"1",".",".","9","O","","","","","","","","","","","","","","","","","","","","","","","","","","","","","","","","","","","","","","","","","","","","","","",""
"1","Obr","obrázek","1","O","","Yes","","Inan","","","","","Masc","","","","","","","","","","","","","","","","","","","","","","","","","","","","","","","","","","","","","","No"
"1",".",".","2","O","","","","","","","","","","","","","","","","","","","","","","","","","","","","","","","","","","","","","","","","","","","","","","",""
"1","2","2","3","B-nb","Volu-metric number","","","","","","","","","","","Digit","Card","","","","","","","","","","","","","","","","","","","","","","","","","","","","","","","","","","No"
"1",".",".","4","O","","","","","","","","","","","","","","","","","","","","","","","","","","","","","","","","","","","","","","","","","","","","","","",""
"1","SKUHROV","Skuhrov","5","B-gu","Settlement name (City/Town)","","","Inan","","Nom","","","Masc","","Geo","","","Sing","","","","","","","","","","","","","","","","","","","","","","","","","","","","","","","","",""
"1","NAD","nad","6","I-gu","Settlement name (City/Town)","","Prep","","","Ins","","","","","","","","","","","","","","","","","","","","","","","","","","","","","","","","","","","","","","","","",""
"1","BĚLOU","Běla","7","I-gu","Settlement name (City/Town)","","","","","Ins","","","Fem","","Geo","","","Sing","","","","","","","","","","","Yes","","","","","","","","","","","","","","","","","","","","","",""
"1","hrad","hrad","8","O","","","","Inan","","Nom","","","Masc","","","","","Sing","","","","","","","","","","","","","","","","","","","","","","","","","","","","","","","","","No"
"1",",",",","9","O","","","","","","","","","","","","","","","","","","","","","","","","","","","","","","","","","","","","","","","","","","","","","","",""
"1","sběry","sběr","10","O","","","","Inan","","Nom","","","Masc","","","","","Plur","","","","","","","","","","","","","","","","","","","","","","","","","","","","","","","","",""
"1","1998","1998","11","B-ty","Year","","","","","","","","","","","Digit","Card","","","","","","","","","","","","","","","","","","","","","","","","","","","","","","","","","","No"
"1",".",".","12","O","","","","","","","","","","","","","","","","","","","","","","","","","","","","","","","","","","","","","","","","","","","","","","",""
"1","Nálezy","nález","1","O","","","","Inan","","Nom","","","Masc","","","","","Plur","","","","","","","","","","","","","","","","","","","","","","","","","","","","","","","","",""
"1","-","-","2","O","","","","","","","","","","","","","","","","","","","","","","","","","","","","","","","","","","","","","","","","","","","","","","",""
"1","poloha","poloha","3","O","","","","","","Nom","","","Fem","","","","","Sing","","","","","","","","","","","","","","","","","","","","","","","","","","","","","","","","",""
"1","1","1","4","B-n_","Number expression (General)","","","","","","","","","","","Digit","Card","","","","","","","","","","","","","","","","","","","","","","","","","","","","","","","","","",""
"1","(","(","5","O","","","","","","","","","","","","","","","","","","","","","","","","","","","","","","","","","","","","","","","","","","","","","","","No"
"1","př","př","6","O","","Yes","","","","","","","","","","","","","","","","","","","","","","","","","","","","","","","","","","","","","","","","","","","","","No"
"1",".",".","7","O","","","","","","","","","","","","","","","","","","","","","","","","","","","","","","","","","","","","","","","","","","","","","","",""
"1","č","číslo","8","O","","Yes","","","","","","","Neut","","","","","","","","","","","","","","","","","","","","","","","","","","","","","","","","","","","","","","No"
"1",".",".","9","O","","","","","","","","","","","","","","","","","","","","","","","","","","","","","","","","","","","","","","","","","","","","","","",""
"1","A","A","10","B-n_","Number expression (General)","Yes","","","","","","","","","","","","","","","","","","","","","","","","","","","","","","","","","","","","","","","","","","","","","No"
"1","678","678","11","B-n_","Number expression (General)","","","","","","","","","","","Digit","Card","","","","","","","","","","","","","","","","","","","","","","","","","","","","","","","","","","No"
"1","/","/","12","O","","","","","","","","","","","","","","","","","","","","","","","","","","","","","","","","","","","","","","","","","","","","","","","No"
"1","2015","2015","13","B-ty","Year","","","","","","","","","","","Digit","Card","","","","","","","","","","","","","","","","","","","","","","","","","","","","","","","","","","No"
"1",")",")","14","O","","","","","","","","","","","","","","","","","","","","","","","","","","","","","","","","","","","","","","","","","","","","","","","No"
"1",".",".","15","O","","","","","","","","","","","","","","","","","","","","","","","","","","","","","","","","","","","","","","","","","","","","","","",""
"1","Obr","obrázek","1","O","","Yes","","Inan","","","","","Masc","","","","","","","","","","","","","","","","","","","","","","","","","","","","","","","","","","","","","","No"
"1",".",".","2","O","","","","","","","","","","","","","","","","","","","","","","","","","","","","","","","","","","","","","","","","","","","","","","",""
"1","3","3","3","B-nb","Volu-metric number","","","","","","","","","","","Digit","Card","","","","","","","","","","","","","","","","","","","","","","","","","","","","","","","","","","No"
"1",".",".","4","O","","","","","","","","","","","","","","","","","","","","","","","","","","","","","","","","","","","","","","","","","","","","","","",""
"1","SKUHROV","Skuhrov","5","B-gu","Settlement name (City/Town)","","","Inan","","Nom","","","Masc","","Geo","","","Sing","","","","","","","","","","","","","","","","","","","","","","","","","","","","","","","","",""
"1","NAD","nad","6","I-gu","Settlement name (City/Town)","","Prep","","","Ins","","","","","","","","","","","","","","","","","","","","","","","","","","","","","","","","","","","","","","","","",""
"1","BĚLOU","Běla","7","I-gu","Settlement name (City/Town)","","","","","Ins","","","Fem","","Geo","","","Sing","","","","","","","","","","","Yes","","","","","","","","","","","","","","","","","","","","","",""
"1","hrad","hrad","8","O","","","","Inan","","Nom","","","Masc","","","","","Sing","","","","","","","","","","","","","","","","","","","","","","","","","","","","","","","","","No"
"1",",",",","9","O","","","","","","","","","","","","","","","","","","","","","","","","","","","","","","","","","","","","","","","","","","","","","","",""
"1","sběry","sběr","10","O","","","","Inan","","Nom","","","Masc","","","","","Plur","","","","","","","","","","","","","","","","","","","","","","","","","","","","","","","","",""
"1","1998","1998","11","B-ty","Year","","","","","","","","","","","Digit","Card","","","","","","","","","","","","","","","","","","","","","","","","","","","","","","","","","","No"
"1",".",".","12","O","","","","","","","","","","","","","","","","","","","","","","","","","","","","","","","","","","","","","","","","","","","","","","",""
"1","Nálezy","nález","1","O","","","","Inan","","Nom","","","Masc","","","","","Plur","","","","","","","","","","","","","","","","","","","","","","","","","","","","","","","","",""
"1","-","-","2","O","","","","","","","","","","","","","","","","","","","","","","","","","","","","","","","","","","","","","","","","","","","","","","",""
"1","poloha","poloha","3","O","","","","","","Nom","","","Fem","","","","","Sing","","","","","","","","","","","","","","","","","","","","","","","","","","","","","","","","",""
"1","2","2","4","B-n_","Number expression (General)","","","","","","","","","","","Digit","Card","","","","","","","","","","","","","","","","","","","","","","","","","","","","","","","","","",""
"1","(","(","5","O","","","","","","","","","","","","","","","","","","","","","","","","","","","","","","","","","","","","","","","","","","","","","","","No"
"1","př","př","6","O","","Yes","","","","","","","","","","","","","","","","","","","","","","","","","","","","","","","","","","","","","","","","","","","","","No"
"1",".",".","7","O","","","","","","","","","","","","","","","","","","","","","","","","","","","","","","","","","","","","","","","","","","","","","","",""
"1","č","číslo","8","O","","Yes","","","","","","","Neut","","","","","","","","","","","","","","","","","","","","","","","","","","","","","","","","","","","","","","No"
"1",".",".","9","O","","","","","","","","","","","","","","","","","","","","","","","","","","","","","","","","","","","","","","","","","","","","","","",""
"1","A","A","10","B-n_","Number expression (General)","Yes","","","","","","","","","","","","","","","","","","","","","","","","","","","","","","","","","","","","","","","","","","","","","No"
"1","679","679","11","B-n_","Number expression (General)","","","","","","","","","","","Digit","Card","","","","","","","","","","","","","","","","","","","","","","","","","","","","","","","","","","No"
"1","/","/","12","O","","","","","","","","","","","","","","","","","","","","","","","","","","","","","","","","","","","","","","","","","","","","","","","No"
"1","2015","2015","13","B-ty","Year","","","","","","","","","","","Digit","Card","","","","","","","","","","","","","","","","","","","","","","","","","","","","","","","","","","No"
"1",")",")","14","O","","","","","","","","","","","","","","","","","","","","","","","","","","","","","","","","","","","","","","","","","","","","","","","No"
"1",".",".","15","O","","","","","","","","","","","","","","","","","","","","","","","","","","","","","","","","","","","","","","","","","","","","","","",""
"1","Stitrr","Stitrr","1","O","","","","Anim","","Nom","","","Masc","","Giv","","","Sing","","","","","","","","","","","","","","","","","","","","","","","","","","","","","","","","",""
"1","■","■","2","O","","","","","","","","Yes","","","","","","","","","","","","","","","","","","","","","","","","","","","","","","","","","","","","","","",""
"1","Seil","Seil","3","O","","","","","","","","Yes","","","","","","","","","","","","","","","","","","","","","","","","","","","","","","","","","","","","","","",""
"1","■■","■■","4","O","","","","","","","","Yes","","","","","","","","","","","","","","","","","","","","","","","","","","","","","","","","","","","","","","",""
"1","Tu","Tu","5","O","","","","","","","","Yes","","","","","","","","","","","","","","","","","","","","","","","","","","","","","","","","","","","","","","","No"
"1",",",",","6","O","","","","","","","","","","","","","","","","","","","","","","","","","","","","","","","","","","","","","","","","","","","","","","",""
"1","Skulrov","Skulrov","7","B-gu","Settlement name (City/Town)","","","Inan","","Nom","","","Masc","","Geo","","","Sing","","","","","","","","","","","","","","","","","","","","","","","","","","","","","","","","",""
"1","nD","ND","8","I-gu","Settlement name (City/Town)","Yes","","","","","","","","","","","","","","","","","","","","","","","","","","","","","","","","","","","","","","","","","","","","","No"
"1","-","-","9","I-gu","Settlement name (City/Town)","","","","","","","","","","","","","","","","","","","","","","","","","","","","","","","","","","","","","","","","","","","","","","No"
"1","lou","lou","10","I-gu","Settlement name (City/Town)","","","","","","","Yes","","","","","","","","","","","","","","","","","","","","","","","","","","","","","","","","","","","","","","","No"
"1",",",",","11","O","","","","","","","","","","","","","","","","","","","","","","","","","","","","","","","","","","","","","","","","","","","","","","",""
"1","hrad","hrad","12","O","","","","Inan","","Nom","","","Masc","","","","","Sing","","","","","","","","","","","","","","","","","","","","","","","","","","","","","","","","",""
"1","sbrč","sbrč","13","O","","Yes","","","","","","","","","","","","","","","","","","","","","","","","","","","","","","","","","","","","","","","","","","","","","No"
"1",".2",".2","14","O","","","","","","","","","","","","Digit","Card","","","","","","","","","","","","","","","","","","","","","","","","","","","","","","","","","",""
"1","<","<","15","O","","","","","","","","","","","","","","","","","","","","","","","","","","","","","","","","","","","","","","","","","","","","","","","No"
"1","or","or","16","O","","","","","","","","Yes","","","","","","","","","","","","","","","","","","","","","","","","","","","","","","","","","","","","","","",""
"1","Sloufk","Sloufk","17","O","","","","Anim","","Nom","","","Masc","","Giv","","","Sing","","","","","","","","","","","","","","","","","","","","","","","","","","","","","","","","",""
"1","J","J","18","O","","Yes","","","","","","","","","","","","","","","","","","","","","","","","","","","","","","","","","","","","","","","","","","","","","No"
"1",".",".","19","O","","","","","","","","","","","","","","","","","","","","","","","","","","","","","","","","","","","","","","","","","","","","","","",""
"1","4998","4998","20","O","","","","","","","","","","","","Digit","Card","","","","","","","","","","","","","","","","","","","","","","","","","","","","","","","","","",""
"1","AG","AG","21","O","","Yes","","","","","","","","","","","","","","","","","","","","","","","","","","","","","","","","","","","","","","","","","","","","","No"
"1","802045","802045","22","O","","","","","","","","","","","","Digit","Card","","","","","","","","","","","","","","","","","","","","","","","","","","","","","","","","","",""
"1","Obr","obrázek","23","O","","Yes","","Inan","","","","","Masc","","","","","","","","","","","","","","","","","","","","","","","","","","","","","","","","","","","","","","No"
"1",".",".","24","O","","","","","","","","","","","","","","","","","","","","","","","","","","","","","","","","","","","","","","","","","","","","","","",""
"1","4","4","25","O","","","","","","","","","","","","Digit","Card","","","","","","","","","","","","","","","","","","","","","","","","","","","","","","","","","","No"
"1",".",".","26","O","","","","","","","","","","","","","","","","","","","","","","","","","","","","","","","","","","","","","","","","","","","","","","",""
"1","SKUHROV","Skuhrov","27","B-gu","Settlement name (City/Town)","","","Inan","","Nom","","","Masc","","Geo","","","Sing","","","","","","","","","","","","","","","","","","","","","","","","","","","","","","","","",""
"1","NAD","nad","28","I-gu","Settlement name (City/Town)","","Prep","","","Ins","","","","","","","","","","","","","","","","","","","","","","","","","","","","","","","","","","","","","","","","",""
"1","BĚLOU","Běla","29","I-gu","Settlement name (City/Town)","","","","","Ins","","","Fem","","Geo","","","Sing","","","","","","","","","","","Yes","","","","","","","","","","","","","","","","","","","","","",""
"1","hrad","hrad","30","O","","","","Inan","","Nom","","","Masc","","","","","Sing","","","","","","","","","","","","","","","","","","","","","","","","","","","","","","","","","No"
"1",",",",","31","O","","","","","","","","","","","","","","","","","","","","","","","","","","","","","","","","","","","","","","","","","","","","","","",""
"1","sběry","sběr","32","O","","","","Inan","","Nom","","","Masc","","","","","Plur","","","","","","","","","","","","","","","","","","","","","","","","","","","","","","","","",""
"1","1998","1998","33","B-ty","Year","","","","","","","","","","","Digit","Card","","","","","","","","","","","","","","","","","","","","","","","","","","","","","","","","","","No"
"1",".",".","34","O","","","","","","","","","","","","","","","","","","","","","","","","","","","","","","","","","","","","","","","","","","","","","","",""
"1","Nálezy","nález","1","O","","","","Inan","","Nom","","","Masc","","","","","Plur","","","","","","","","","","","","","","","","","","","","","","","","","","","","","","","","",""
"1","-","-","2","O","","","","","","","","","","","","","","","","","","","","","","","","","","","","","","","","","","","","","","","","","","","","","","",""
"1","poloha","poloha","3","O","","","","","","Nom","","","Fem","","","","","Sing","","","","","","","","","","","","","","","","","","","","","","","","","","","","","","","","",""
"1","3","3","4","B-n_","Number expression (General)","","","","","","","","","","","Digit","Card","","","","","","","","","","","","","","","","","","","","","","","","","","","","","","","","","",""
"1","(","(","5","O","","","","","","","","","","","","","","","","","","","","","","","","","","","","","","","","","","","","","","","","","","","","","","","No"
"1","př","př","6","O","","Yes","","","","","","","","","","","","","","","","","","","","","","","","","","","","","","","","","","","","","","","","","","","","","No"
"1",".",".","7","O","","","","","","","","","","","","","","","","","","","","","","","","","","","","","","","","","","","","","","","","","","","","","","",""
"1","č","číslo","8","O","","Yes","","","","","","","Neut","","","","","","","","","","","","","","","","","","","","","","","","","","","","","","","","","","","","","","No"
"1",".",".","9","O","","","","","","","","","","","","","","","","","","","","","","","","","","","","","","","","","","","","","","","","","","","","","","",""
"1","A","A","10","B-n_","Number expression (General)","Yes","","","","","","","","","","","","","","","","","","","","","","","","","","","","","","","","","","","","","","","","","","","","","No"
"1","680","680","11","I-n_","Number expression (General)","","","","","","","","","","","Digit","Card","","","","","","","","","","","","","","","","","","","","","","","","","","","","","","","","","","No"
"1","/","/","12","I-n_","Number expression (General)","","","","","","","","","","","","","","","","","","","","","","","","","","","","","","","","","","","","","","","","","","","","","","No"
"1","2015","2015","13","I-n_","Number expression (General)","","","","","","","","","","","Digit","Card","","","","","","","","","","","","","","","","","","","","","","","","","","","","","","","","","","No"
"1",")",")","14","O","","","","","","","","","","","","","","","","","","","","","","","","","","","","","","","","","","","","","","","","","","","","","","","No"
"1",".",".","15","O","","","","","","","","","","","","","","","","","","","","","","","","","","","","","","","","","","","","","","","","","","","","","","","No"
